"Date Time, GMT-06:00",F6 10cm,F5 20cm,F5 10cm,F6 20cm,10 cm average,20 cm average,rain (mm/s),SAIL rain corrected
7/14/2022 11:00,0.2629,0.1473,0.214025,0.2772,0.2384625,0.21225,0,0
7/14/2022 12:00,0.263525,0.1503,0.217825,0.274275,0.240675,0.2122875,0,0.00001417583333
7/14/2022 13:00,0.262375,0.15055,0.219125,0.27255,0.24075,0.21155,0,0
7/14/2022 14:00,0.260925,0.1511,0.219725,0.27125,0.240325,0.211175,0,0
7/14/2022 15:00,0.2599,0.1521,0.219725,0.270475,0.2398125,0.2112875,0,0
7/14/2022 16:00,0.258225,0.1527,0.218675,0.268725,0.23845,0.2107125,0,0
7/14/2022 17:00,0.257,0.15375,0.217225,0.26775,0.2371125,0.21075,0,0
7/14/2022 18:00,0.2567,0.154575,0.216325,0.266975,0.2365125,0.210775,0,0
7/14/2022 19:00,0.2568,0.1547,0.215725,0.266075,0.2362625,0.2103875,0,0.00000004166666667
7/14/2022 20:00,0.2571,0.154575,0.214675,0.265325,0.2358875,0.20995,0,0
7/14/2022 21:00,0.2575,0.15445,0.2141,0.263525,0.2358,0.2089875,0,0
7/14/2022 22:00,0.2579,0.1541,0.21365,0.262325,0.235775,0.2082125,0,0
7/14/2022 23:00,0.2574,0.1535,0.2134,0.2618,0.2354,0.20765,0,0.000002069444444
7/15/2022 0:00,0.2569,0.1532,0.213525,0.2611,0.2352125,0.20715,0,0
7/15/2022 1:00,0.2564,0.15285,0.2139,0.260375,0.23515,0.2066125,0,0
7/15/2022 2:00,0.2563,0.1522,0.214225,0.2597,0.2352625,0.20595,0,0
7/15/2022 3:00,0.25575,0.1522,0.21455,0.259125,0.23515,0.2056625,0,0
7/15/2022 4:00,0.25515,0.151525,0.2148,0.258975,0.234975,0.20525,0,0
7/15/2022 5:00,0.2548,0.151525,0.2153,0.2587,0.23505,0.2051125,0,0
7/15/2022 6:00,0.2546,0.15125,0.21585,0.258425,0.235225,0.2048375,0,0.0000001019444444
7/15/2022 7:00,0.2542,0.1511,0.215975,0.258275,0.2350875,0.2046875,0,0
7/15/2022 8:00,0.2537,0.1514,0.21625,0.2585,0.234975,0.20495,0,0
7/15/2022 9:00,0.25345,0.1511,0.2161,0.2585,0.234775,0.2048,0,0
7/15/2022 10:00,0.2528,0.15095,0.21585,0.2587,0.234325,0.204825,0,0
7/15/2022 11:00,0.2519,0.150825,0.21585,0.258275,0.233875,0.20455,0,0
7/15/2022 12:00,0.2508,0.150675,0.216125,0.2578,0.2334625,0.2042375,0,0
7/15/2022 13:00,0.249225,0.150675,0.21625,0.257,0.2327375,0.2038375,0,0
7/15/2022 14:00,0.2482,0.1511,0.215975,0.2562,0.2320875,0.20365,0,0.000001634166667
7/15/2022 15:00,0.247325,0.15165,0.21545,0.2562,0.2313875,0.203925,0,0.0000003425
7/15/2022 16:00,0.247325,0.1526,0.21665,0.258725,0.2319875,0.2056625,0.0009444444444,0
7/15/2022 17:00,0.25475,0.1527,0.21585,0.2583,0.2353,0.2055,0.0001666666667,0
7/15/2022 18:00,0.26265,0.152825,0.214225,0.2573,0.2384375,0.2050625,0.0001666666667,0.0000001944444444
7/15/2022 19:00,0.26855,0.1525,0.21325,0.2572,0.2409,0.20485,0.00005555555556,0.00001207416667
7/15/2022 20:00,0.270225,0.1526,0.212975,0.257,0.2416,0.2048,0,0.00004618055556
7/15/2022 21:00,0.2708,0.1521,0.2131,0.256475,0.24195,0.2042875,0,0.00001106472222
7/15/2022 22:00,0.271175,0.152,0.213175,0.2564,0.242175,0.2042,0,0.001591398056
7/15/2022 23:00,0.2712,0.1519,0.21325,0.256,0.242225,0.20395,0,0.00007063416667
7/16/2022 0:00,0.2711,0.15125,0.21365,0.255925,0.242375,0.2035875,0,0.0001173286111
7/16/2022 1:00,0.2711,0.15095,0.21365,0.2557,0.242375,0.203325,0,0.0000004536111111
7/16/2022 2:00,0.2711,0.150425,0.2141,0.2556,0.2426,0.2030125,0,0.0000000185
7/16/2022 3:00,0.271275,0.15055,0.214925,0.2555,0.2431,0.203025,0,0
7/16/2022 4:00,0.271,0.1503,0.21505,0.2555,0.243025,0.2029,0,0.0000009166666667
7/16/2022 5:00,0.2709,0.1499,0.2156,0.2555,0.24325,0.2027,0,0.0000004813888889
7/16/2022 6:00,0.271,0.1499,0.21585,0.2557,0.243425,0.2028,0,0
7/16/2022 7:00,0.2704,0.1506,0.216325,0.25655,0.2433625,0.203575,0,0
7/16/2022 8:00,0.2688,0.151775,0.216775,0.255475,0.2427875,0.203625,0,0
7/16/2022 9:00,0.267925,0.1519,0.2164,0.2537,0.2421625,0.2028,0,0
7/16/2022 10:00,0.266725,0.1519,0.216775,0.2537,0.24175,0.2028,0,0
7/16/2022 11:00,0.2655,0.1519,0.217475,0.2535,0.2414875,0.2027,0,0
7/16/2022 12:00,0.26395,0.151775,0.21715,0.25315,0.24055,0.2024625,0,0
7/16/2022 13:00,0.2623,0.15165,0.216775,0.2527,0.2395375,0.202175,0,0
7/16/2022 14:00,0.260375,0.151775,0.2169,0.2518,0.2386375,0.2017875,0,0
7/16/2022 15:00,0.25905,0.1525,0.21715,0.2514,0.2381,0.20195,0,0
7/16/2022 16:00,0.2573,0.153075,0.21625,0.2516,0.236775,0.2023375,0,0
7/16/2022 17:00,0.2555,0.154325,0.21545,0.2514,0.235475,0.2028625,0,0
7/16/2022 18:00,0.2543,0.1548,0.2141,0.2509,0.2342,0.20285,0,0
7/16/2022 19:00,0.2537,0.155,0.212975,0.2508,0.2333375,0.2029,0,0
7/16/2022 20:00,0.2537,0.1548,0.212275,0.25035,0.2329875,0.202575,0,0
7/16/2022 21:00,0.2538,0.155,0.2117,0.250275,0.23275,0.2026375,0,0
7/16/2022 22:00,0.2537,0.15445,0.211325,0.2501,0.2325125,0.202275,0,0.0000002408333333
7/16/2022 23:00,0.2536,0.154,0.21105,0.2495,0.232325,0.20175,0,0
7/17/2022 0:00,0.2535,0.15335,0.2113,0.249025,0.2324,0.2011875,0,0
7/17/2022 1:00,0.2533,0.152825,0.211575,0.248775,0.2324375,0.2008,0,0.000004296388889
7/17/2022 2:00,0.2532,0.1524,0.21205,0.2487,0.232625,0.20055,0,0
7/17/2022 3:00,0.253,0.151775,0.21265,0.2483,0.232825,0.2000375,0,0
7/17/2022 4:00,0.2528,0.15165,0.212925,0.2481,0.2328625,0.199875,0,0
7/17/2022 5:00,0.2524,0.151525,0.213775,0.2481,0.2330875,0.1998125,0,0
7/17/2022 6:00,0.2517,0.15125,0.214225,0.248,0.2329625,0.199625,0,0
7/17/2022 7:00,0.25105,0.1511,0.214925,0.24875,0.2329875,0.199925,0,0
7/17/2022 8:00,0.2506,0.1511,0.21505,0.249225,0.232825,0.2001625,0,0
7/17/2022 9:00,0.25035,0.150675,0.21505,0.2496,0.2327,0.2001375,0,0
7/17/2022 10:00,0.2493,0.150675,0.214425,0.2496,0.2318625,0.2001375,0,0
7/17/2022 11:00,0.24875,0.150425,0.2148,0.2494,0.231775,0.1999125,0,0
7/17/2022 12:00,0.2478,0.150425,0.214675,0.24885,0.2312375,0.1996375,0,0
7/17/2022 13:00,0.246575,0.150425,0.214675,0.2483,0.230625,0.1993625,0,0
7/17/2022 14:00,0.244675,0.15055,0.214425,0.2482,0.22955,0.199375,0,0
7/17/2022 15:00,0.243725,0.15165,0.21385,0.248775,0.2287875,0.2002125,0,0.0001078702778
7/17/2022 16:00,0.24175,0.1522,0.212975,0.249025,0.2273625,0.2006125,0,0
7/17/2022 17:00,0.23965,0.15295,0.21205,0.248925,0.22585,0.2009375,0,0
7/17/2022 18:00,0.238075,0.15375,0.210625,0.2491,0.22435,0.201425,0,0
7/17/2022 19:00,0.237325,0.1541,0.209675,0.2493,0.2235,0.2017,0,0
7/17/2022 20:00,0.2374,0.1541,0.20895,0.248875,0.223175,0.2014875,0,0
7/17/2022 21:00,0.237325,0.1535,0.20815,0.248,0.2227375,0.20075,0,0
7/17/2022 22:00,0.23725,0.15335,0.207675,0.247225,0.2224625,0.2002875,0,0
7/17/2022 23:00,0.2369,0.1526,0.2078,0.2462,0.22235,0.1994,0,0.000002138888889
7/18/2022 0:00,0.2369,0.1521,0.20755,0.2458,0.222225,0.19895,0,0
7/18/2022 1:00,0.2367,0.151525,0.2078,0.2455,0.22225,0.1985125,0,0
7/18/2022 2:00,0.23615,0.15055,0.2085,0.2452,0.222325,0.197875,0,0
7/18/2022 3:00,0.23565,0.150325,0.208825,0.245125,0.2222375,0.197725,0,0
7/18/2022 4:00,0.23565,0.15,0.20935,0.2448,0.2225,0.1974,0,0
7/18/2022 5:00,0.235475,0.1496,0.2095,0.2447,0.2224875,0.19715,0,0
7/18/2022 6:00,0.235,0.14925,0.209975,0.2447,0.2224875,0.196975,0,0.000005277777778
7/18/2022 7:00,0.234625,0.149125,0.21065,0.245125,0.2226375,0.197125,0,0
7/18/2022 8:00,0.2336,0.149125,0.21085,0.2455,0.222225,0.1973125,0,0
7/18/2022 9:00,0.23325,0.1487,0.210525,0.2456,0.2218875,0.19715,0,0
7/18/2022 10:00,0.2324,0.148275,0.210775,0.2455,0.2215875,0.1968875,0,0
7/18/2022 11:00,0.23205,0.148275,0.21125,0.2454,0.22165,0.1968375,0,0
7/18/2022 12:00,0.231075,0.14815,0.211325,0.2447,0.2212,0.196425,0,0
7/18/2022 13:00,0.229675,0.148425,0.211325,0.2448,0.2205,0.1966125,0,0
7/18/2022 14:00,0.227375,0.149125,0.2112,0.245125,0.2192875,0.197125,0,0
7/18/2022 15:00,0.22635,0.1498,0.210925,0.2454,0.2186375,0.1976,0,0.000001953611111
7/18/2022 16:00,0.224125,0.150225,0.210075,0.2455,0.2171,0.1978625,0,0
7/18/2022 17:00,0.221475,0.15125,0.208725,0.2457,0.2151,0.198475,0,0.0000006111111111
7/18/2022 18:00,0.219525,0.1519,0.207,0.245525,0.2132625,0.1987125,0,0
7/18/2022 19:00,0.218275,0.151775,0.2053,0.2448,0.2117875,0.1982875,0,0
7/18/2022 20:00,0.217875,0.151775,0.204625,0.245925,0.21125,0.19885,0,0
7/18/2022 21:00,0.220225,0.15085,0.2064,0.24845,0.2133125,0.19965,0.0007222222222,0
7/18/2022 22:00,0.222275,0.15095,0.207075,0.2472,0.214675,0.199075,0.00005555555556,0
7/18/2022 23:00,0.22345,0.15,0.20655,0.247025,0.215,0.1985125,0,0
7/19/2022 0:00,0.2245,0.1497,0.207,0.246575,0.21575,0.1981375,0,0
7/19/2022 1:00,0.22555,0.149,0.207425,0.2456,0.2164875,0.1973,0,0.00001286111111
7/19/2022 2:00,0.2264,0.148275,0.2078,0.2453,0.2171,0.1967875,0,0.0001187547222
7/19/2022 3:00,0.227025,0.147825,0.2085,0.244975,0.2177625,0.1964,0,0.0004865741667
7/19/2022 4:00,0.22755,0.1475,0.208825,0.2447,0.2181875,0.1961,0,0.000001963055556
7/19/2022 5:00,0.2283,0.147,0.209025,0.2444,0.2186625,0.1957,0,0
7/19/2022 6:00,0.229125,0.1468,0.209425,0.2445,0.219275,0.19565,0,0.000000875
7/19/2022 7:00,0.2289,0.14565,0.209425,0.24495,0.2191625,0.1953,0,0
7/19/2022 8:00,0.226475,0.14625,0.20915,0.24705,0.2178125,0.19665,0,0
7/19/2022 9:00,0.226775,0.146075,0.20815,0.2442,0.2174625,0.1951375,0,0
7/19/2022 10:00,0.22755,0.1458,0.20755,0.24355,0.21755,0.194675,0,0
7/19/2022 11:00,0.228075,0.1458,0.208175,0.243375,0.218125,0.1945875,0,0
7/19/2022 12:00,0.227825,0.1457,0.2086,0.24285,0.2182125,0.194275,0,0
7/19/2022 13:00,0.22755,0.1458,0.2086,0.242125,0.218075,0.1939625,0,0
7/19/2022 14:00,0.225675,0.146075,0.2086,0.2418,0.2171375,0.1939375,0,0
7/19/2022 15:00,0.22535,0.1467,0.208275,0.2422,0.2168125,0.19445,0,0
7/19/2022 16:00,0.22355,0.14725,0.20755,0.2423,0.21555,0.194775,0,0
7/19/2022 17:00,0.221225,0.14815,0.2064,0.24275,0.2138125,0.19545,0,0
7/19/2022 18:00,0.219575,0.1487,0.20505,0.242625,0.2123125,0.1956625,0,0
7/19/2022 19:00,0.21875,0.14885,0.203775,0.2415,0.2112625,0.195175,0,0.000001004722222
7/19/2022 20:00,0.219125,0.1487,0.2026,0.2413,0.2108625,0.195,0,0
7/19/2022 21:00,0.219125,0.1484,0.20215,0.2409,0.2106375,0.19465,0,0
7/19/2022 22:00,0.21925,0.14805,0.2017,0.2406,0.210475,0.194325,0,0
7/19/2022 23:00,0.218625,0.1475,0.2017,0.2406,0.2101625,0.19405,0,0
7/20/2022 0:00,0.218425,0.146525,0.20185,0.240275,0.2101375,0.1934,0,0
7/20/2022 1:00,0.218275,0.145975,0.202,0.239775,0.2101375,0.192875,0,0
7/20/2022 2:00,0.218075,0.145375,0.20245,0.2394,0.2102625,0.1923875,0,0
7/20/2022 3:00,0.218075,0.145,0.202675,0.2393,0.210375,0.19215,0,0
7/20/2022 4:00,0.21755,0.144475,0.2029,0.2391,0.210225,0.1917875,0,0
7/20/2022 5:00,0.217475,0.144225,0.20365,0.238775,0.2105625,0.1915,0,0
7/20/2022 6:00,0.21715,0.143575,0.20365,0.238925,0.2104,0.19125,0,0
7/20/2022 7:00,0.216525,0.143575,0.203725,0.2393,0.210125,0.1914375,0,0
7/20/2022 8:00,0.216175,0.1441,0.20385,0.240275,0.2100125,0.1921875,0,0
7/20/2022 9:00,0.21625,0.14375,0.20405,0.240375,0.21015,0.1920625,0,0
7/20/2022 10:00,0.216175,0.1433,0.20365,0.24045,0.2099125,0.191875,0,0
7/20/2022 11:00,0.2161,0.1434,0.2043,0.2402,0.2102,0.1918,0,0
7/20/2022 12:00,0.21625,0.1434,0.2045,0.23975,0.210375,0.191575,0,0
7/20/2022 13:00,0.215,0.1432,0.204725,0.239025,0.2098625,0.1911125,0,0
7/20/2022 14:00,0.21295,0.1433,0.2053,0.239025,0.209125,0.1911625,0,0
7/20/2022 15:00,0.2124,0.143025,0.206275,0.241375,0.2093375,0.1922,0.0004444444444,0
7/20/2022 16:00,0.21045,0.1446,0.205975,0.2444,0.2082125,0.1945,0,0.0000002547222222
7/20/2022 17:00,0.2111,0.14525,0.205275,0.242925,0.2081875,0.1940875,0.0003888888889,0
7/20/2022 18:00,0.21325,0.145375,0.204725,0.242875,0.2089875,0.194125,0.00005555555556,0.000008546388889
7/20/2022 19:00,0.213325,0.146075,0.203775,0.2437,0.20855,0.1948875,0,0
7/20/2022 20:00,0.2149,0.146425,0.20305,0.24305,0.208975,0.1947375,0,0
7/20/2022 21:00,0.2169,0.145875,0.2026,0.24005,0.20975,0.1929625,0,0.00004406027778
7/20/2022 22:00,0.21855,0.145375,0.20275,0.238675,0.21065,0.192025,0,0.000004314722222
7/20/2022 23:00,0.219775,0.1447,0.20305,0.237975,0.2114125,0.1913375,0,0.0005208888889
7/21/2022 0:00,0.220625,0.144225,0.20365,0.237525,0.2121375,0.190875,0,0
7/21/2022 1:00,0.221475,0.143475,0.203725,0.237175,0.2126,0.190325,0,0
7/21/2022 2:00,0.222075,0.1432,0.203925,0.23725,0.213,0.190225,0,0
7/21/2022 3:00,0.22285,0.14275,0.2043,0.237325,0.213575,0.1900375,0,0
7/21/2022 4:00,0.223325,0.14275,0.2046,0.23765,0.2139625,0.1902,0,0
7/21/2022 5:00,0.2241,0.14265,0.20495,0.237525,0.214525,0.1900875,0,0
7/21/2022 6:00,0.2244,0.1424,0.2053,0.2383,0.21485,0.19035,0,0
7/21/2022 7:00,0.2248,0.1423,0.2056,0.23885,0.2152,0.190575,0,0
7/21/2022 8:00,0.2249,0.1424,0.205625,0.239525,0.2152625,0.1909625,0,0
7/21/2022 9:00,0.225025,0.142625,0.204725,0.2399,0.214875,0.1912625,0,0
7/21/2022 10:00,0.2254,0.1424,0.20405,0.2399,0.214725,0.19115,0,0
7/21/2022 11:00,0.225275,0.142075,0.2046,0.2402,0.2149375,0.1911375,0,0
7/21/2022 12:00,0.2241,0.14185,0.20495,0.23955,0.214525,0.1907,0,0
7/21/2022 13:00,0.223125,0.14185,0.20495,0.23885,0.2140375,0.19035,0,0
7/21/2022 14:00,0.22175,0.142075,0.2055,0.238075,0.213625,0.190075,0,0
7/21/2022 15:00,0.22095,0.1425,0.205725,0.2374,0.2133375,0.18995,0,0.0000001944444444
7/21/2022 16:00,0.219,0.142875,0.205075,0.237325,0.2120375,0.1901,0,0
7/21/2022 17:00,0.2167,0.143475,0.203775,0.2381,0.2102375,0.1907875,0,0.0000000139
7/21/2022 18:00,0.215125,0.1441,0.2023,0.237775,0.2087125,0.1909375,0,0
7/21/2022 19:00,0.21455,0.14435,0.2009,0.23765,0.207725,0.191,0,0
7/21/2022 20:00,0.215175,0.1441,0.199875,0.23765,0.207525,0.190875,0,0
7/21/2022 21:00,0.21545,0.14375,0.19885,0.23715,0.20715,0.19045,0,0
7/21/2022 22:00,0.21545,0.1432,0.1985,0.2366,0.206975,0.1899,0,0
7/21/2022 23:00,0.215175,0.14275,0.1985,0.236275,0.2068375,0.1895125,0,0
7/22/2022 0:00,0.214675,0.1422,0.198875,0.235575,0.206775,0.1888875,0,0
7/22/2022 1:00,0.2142,0.1415,0.198975,0.2352,0.2065875,0.18835,0,0
7/22/2022 2:00,0.2141,0.1412,0.1994,0.234725,0.20675,0.1879625,0,0
7/22/2022 3:00,0.213775,0.14085,0.199525,0.234475,0.20665,0.1876625,0,0
7/22/2022 4:00,0.2134,0.14025,0.2,0.234275,0.2067,0.1872625,0,0
7/22/2022 5:00,0.21365,0.1399,0.200425,0.234475,0.2070375,0.1871875,0,0
7/22/2022 6:00,0.213175,0.1398,0.200425,0.234725,0.2068,0.1872625,0,0
7/22/2022 7:00,0.213175,0.14,0.2009,0.23585,0.2070375,0.187925,0,0
7/22/2022 8:00,0.21275,0.140025,0.201575,0.2365,0.2071625,0.1882625,0,0
7/22/2022 9:00,0.2117,0.140025,0.2009,0.2367,0.2063,0.1883625,0,0
7/22/2022 10:00,0.211575,0.14,0.200775,0.237,0.206175,0.1885,0,0
7/22/2022 11:00,0.2117,0.13955,0.201125,0.2366,0.2064125,0.188075,0,0.0001546297222
7/22/2022 12:00,0.210525,0.139475,0.201575,0.235925,0.20605,0.1877,0,0
7/22/2022 13:00,0.20935,0.1396,0.201775,0.2352,0.2055625,0.1874,0,0
7/22/2022 14:00,0.20705,0.1399,0.201925,0.2347,0.2044875,0.1873,0,0
7/22/2022 15:00,0.20625,0.1405,0.20185,0.235,0.20405,0.18775,0,0.0000002269444444
7/22/2022 16:00,0.203775,0.1409,0.20165,0.2349,0.2027125,0.1879,0,0
7/22/2022 17:00,0.200775,0.14175,0.2002,0.23555,0.2004875,0.18865,0,0
7/22/2022 18:00,0.198525,0.1422,0.198425,0.235575,0.198475,0.1888875,0,0
7/22/2022 19:00,0.1972,0.142175,0.19695,0.235,0.197075,0.1885875,0,0.00000006944444444
7/22/2022 20:00,0.1972,0.1422,0.19605,0.235,0.196625,0.1886,0,0
7/22/2022 21:00,0.1974,0.14185,0.1948,0.2341,0.1961,0.187975,0,0
7/22/2022 22:00,0.1972,0.1416,0.19435,0.2335,0.195775,0.18755,0,0
7/22/2022 23:00,0.196825,0.14085,0.19405,0.233175,0.1954375,0.1870125,0,0
7/23/2022 0:00,0.1967,0.14025,0.1939,0.232775,0.1953,0.1865125,0,0
7/23/2022 1:00,0.1963,0.139675,0.19435,0.2326,0.195325,0.1861375,0,0
7/23/2022 2:00,0.195825,0.139375,0.1945,0.2325,0.1951625,0.1859375,0,0
7/23/2022 3:00,0.1956,0.138675,0.1948,0.23205,0.1952,0.1853625,0,0
7/23/2022 4:00,0.1954,0.138275,0.1948,0.2318,0.1951,0.1850375,0,0
7/23/2022 5:00,0.19525,0.13755,0.1951,0.2318,0.195175,0.184675,0,0
7/23/2022 6:00,0.1954,0.137375,0.1956,0.2314,0.1955,0.1843875,0,0
7/23/2022 7:00,0.194875,0.137375,0.195925,0.231975,0.1954,0.184675,0,0
7/23/2022 8:00,0.194275,0.13725,0.1964,0.2324,0.1953375,0.184825,0,0
7/23/2022 9:00,0.1935,0.13715,0.1958,0.2327,0.19465,0.184925,0,0.000000875
7/23/2022 10:00,0.193625,0.1369,0.1954,0.2327,0.1945125,0.1848,0,0
7/23/2022 11:00,0.19345,0.1366,0.196275,0.231925,0.1948625,0.1842625,0,0
7/23/2022 12:00,0.19245,0.1369,0.19695,0.2314,0.1947,0.18415,0,0
7/23/2022 13:00,0.191925,0.137,0.1976,0.231075,0.1947625,0.1840375,0,0
7/23/2022 14:00,0.188875,0.137025,0.197975,0.231475,0.193425,0.18425,0,0
7/23/2022 15:00,0.1884,0.13755,0.196825,0.231925,0.1926125,0.1847375,0,0.00003296305556
7/23/2022 16:00,0.185575,0.1382,0.196625,0.231925,0.1911,0.1850625,0,0
7/23/2022 17:00,0.18165,0.1387,0.195025,0.231925,0.1883375,0.1853125,0,0
7/23/2022 18:00,0.17825,0.139,0.1936,0.23165,0.185925,0.185325,0,0
7/23/2022 19:00,0.17645,0.1391,0.192225,0.2315,0.1843375,0.1853,0,0
7/23/2022 20:00,0.1753,0.139475,0.19165,0.230525,0.183475,0.185,0,0
7/23/2022 21:00,0.175825,0.138675,0.192475,0.236775,0.18415,0.187725,0.0003333333333,0
7/23/2022 22:00,0.178,0.1376,0.1938,0.23565,0.1859,0.186625,0.00005555555556,0
7/23/2022 23:00,0.1781,0.137,0.19335,0.235375,0.185725,0.1861875,0,0
7/24/2022 0:00,0.1782,0.13635,0.1936,0.2354,0.1859,0.185875,0,0.0000000139
7/24/2022 1:00,0.17825,0.1358,0.19395,0.2351,0.1861,0.18545,0,0.000009513888889
7/24/2022 2:00,0.1781,0.135575,0.194425,0.2351,0.1862625,0.1853375,0,0.0001125508333
7/24/2022 3:00,0.1782,0.134825,0.194875,0.235,0.1865375,0.1849125,0,0.0002258888889
7/24/2022 4:00,0.178,0.1347,0.1952,0.2351,0.1866,0.1849,0,0.00002063416667
7/24/2022 5:00,0.1777,0.1342,0.1955,0.2353,0.1866,0.18475,0,0
7/24/2022 6:00,0.1778,0.13385,0.19615,0.2355,0.186975,0.184675,0,0
7/24/2022 7:00,0.17705,0.134325,0.1958,0.23615,0.186425,0.1852375,0,0
7/24/2022 8:00,0.1762,0.134825,0.1956,0.2368,0.1859,0.1858125,0,0
7/24/2022 9:00,0.1758,0.135325,0.19495,0.234775,0.185375,0.18505,0,0
7/24/2022 10:00,0.176525,0.135075,0.19405,0.23125,0.1852875,0.1831625,0,0
7/24/2022 11:00,0.17825,0.13495,0.1932,0.23085,0.185725,0.1829,0,0
7/24/2022 12:00,0.18015,0.1347,0.19335,0.230475,0.18675,0.1825875,0,0
7/24/2022 13:00,0.17895,0.1347,0.1938,0.229325,0.186375,0.1820125,0,0
7/24/2022 14:00,0.17745,0.1347,0.1941,0.2285,0.185775,0.1816,0,0
7/24/2022 15:00,0.2113,0.1339,0.1957,0.230375,0.2035,0.1821375,0.002277777778,0
7/24/2022 16:00,0.304275,0.132975,0.1948,0.230775,0.2495375,0.181875,0.0002222222222,0.000002138888889
7/24/2022 17:00,0.3007,0.132225,0.1938,0.2314,0.24725,0.1818125,0.00005555555556,0.00000006944444444
7/24/2022 18:00,0.297025,0.1321,0.1938,0.2314,0.2454125,0.18175,0,0
7/24/2022 19:00,0.29505,0.1326,0.19405,0.2315,0.24455,0.18205,0,0.000002199166667
7/24/2022 20:00,0.2935,0.132225,0.19435,0.23165,0.243925,0.1819375,0,0.000001347222222
7/24/2022 21:00,0.292425,0.1321,0.1942,0.23205,0.2433125,0.182075,0,0.0005340647222
7/24/2022 22:00,0.291375,0.132,0.19435,0.232175,0.2428625,0.1820875,0,0.0001474166667
7/24/2022 23:00,0.29045,0.131575,0.194575,0.2323,0.2425125,0.1819375,0,0
7/25/2022 0:00,0.289525,0.13145,0.1948,0.2327,0.2421625,0.182075,0,0
7/25/2022 1:00,0.288925,0.131325,0.19525,0.23325,0.2420875,0.1822875,0,0
7/25/2022 2:00,0.288325,0.13145,0.1951,0.23405,0.2417125,0.18275,0,0
7/25/2022 3:00,0.287725,0.131325,0.1955,0.234925,0.2416125,0.183125,0,0
7/25/2022 4:00,0.2871,0.131325,0.195625,0.2355,0.2413625,0.1834125,0,0
7/25/2022 5:00,0.286425,0.131575,0.1955,0.236275,0.2409625,0.183925,0,0
7/25/2022 6:00,0.285975,0.1318,0.1956,0.2368,0.2407875,0.1843,0,0
7/25/2022 7:00,0.2854,0.132125,0.196025,0.237325,0.2407125,0.184725,0,0
7/25/2022 8:00,0.2846,0.134025,0.1965,0.237975,0.24055,0.186,0,0
7/25/2022 9:00,0.282975,0.13295,0.19545,0.240325,0.2392125,0.1866375,0,0
7/25/2022 10:00,0.280825,0.134575,0.1958,0.24165,0.2383125,0.1881125,0,0
7/25/2022 11:00,0.279125,0.134825,0.1957,0.23905,0.2374125,0.1869375,0,0
7/25/2022 12:00,0.27755,0.135075,0.1966,0.2381,0.237075,0.1865875,0,0
7/25/2022 13:00,0.276275,0.1347,0.196825,0.2381,0.23655,0.1864,0,0
7/25/2022 14:00,0.275325,0.1347,0.1973,0.238775,0.2363125,0.1867375,0,0
7/25/2022 15:00,0.2778,0.1347,0.197175,0.239825,0.2374875,0.1872625,0.0001111111111,0
7/25/2022 16:00,0.276275,0.135075,0.197075,0.2388,0.236675,0.1869375,0,0.000008143611111
7/25/2022 17:00,0.275525,0.13545,0.1966,0.23725,0.2360625,0.18635,0,0
7/25/2022 18:00,0.2751,0.135575,0.196175,0.2364,0.2356375,0.1859875,0,0
7/25/2022 19:00,0.274675,0.13545,0.1957,0.236175,0.2351875,0.1858125,0,0.0001883980556
7/25/2022 20:00,0.27475,0.135325,0.1951,0.2364,0.234925,0.1858625,0,0.0007981341667
7/25/2022 21:00,0.275,0.13545,0.194725,0.2365,0.2348625,0.185975,0,0.00007301861111
7/25/2022 22:00,0.2749,0.135325,0.194575,0.2365,0.2347375,0.1859125,0,0
7/25/2022 23:00,0.274825,0.135075,0.19505,0.2364,0.2349375,0.1857375,0,0.0000003286111111
7/26/2022 0:00,0.274525,0.13495,0.1955,0.2366,0.2350125,0.185775,0,0
7/26/2022 1:00,0.274375,0.13495,0.1964,0.237,0.2353875,0.185975,0,0
7/26/2022 2:00,0.2739,0.1347,0.1966,0.23725,0.23525,0.185975,0,0
7/26/2022 3:00,0.27375,0.1347,0.19685,0.237325,0.2353,0.1860125,0,0
7/26/2022 4:00,0.2732,0.134825,0.196925,0.23775,0.2350625,0.1862875,0,0
7/26/2022 5:00,0.273125,0.134825,0.1974,0.2384,0.2352625,0.1866125,0,0
7/26/2022 6:00,0.27305,0.134825,0.197725,0.23885,0.2353875,0.1868375,0,0
7/26/2022 7:00,0.2729,0.1352,0.19785,0.2393,0.235375,0.18725,0,0
7/26/2022 8:00,0.2724,0.135325,0.1976,0.24,0.235,0.1876625,0,0
7/26/2022 9:00,0.271175,0.1352,0.1973,0.239775,0.2342375,0.1874875,0,0
7/26/2022 10:00,0.270125,0.135325,0.19705,0.24,0.2335875,0.1876625,0,0
7/26/2022 11:00,0.2688,0.13545,0.19765,0.2401,0.233225,0.187775,0,0
7/26/2022 12:00,0.267,0.1352,0.198525,0.23965,0.2327625,0.187425,0,0
7/26/2022 13:00,0.265475,0.13545,0.199525,0.239025,0.2325,0.1872375,0,0
7/26/2022 14:00,0.263875,0.1357,0.19965,0.2383,0.2317625,0.187,0,0
7/26/2022 15:00,0.2629,0.136125,0.199225,0.237325,0.2310625,0.186725,0,0
7/26/2022 16:00,0.261875,0.1367,0.198275,0.23745,0.230075,0.187075,0,0
7/26/2022 17:00,0.261,0.137025,0.1976,0.23725,0.2293,0.1871375,0,0.0000001436111111
7/26/2022 18:00,0.2607,0.137125,0.19695,0.237175,0.228825,0.18715,0,0.0000008286111111
7/26/2022 19:00,0.2609,0.137375,0.1958,0.237175,0.22835,0.187275,0,0.000007620277778
7/26/2022 20:00,0.2611,0.137125,0.1951,0.23725,0.2281,0.1871875,0,0.000001069444444
7/26/2022 21:00,0.2609,0.1369,0.194425,0.2371,0.2276625,0.187,0,0
7/26/2022 22:00,0.26055,0.13645,0.19405,0.2369,0.2273,0.186675,0,0
7/26/2022 23:00,0.2602,0.136475,0.1942,0.2368,0.2272,0.1866375,0,0
7/27/2022 0:00,0.2599,0.1359,0.1945,0.237,0.2272,0.18645,0,0
7/27/2022 1:00,0.2595,0.135675,0.1948,0.237,0.22715,0.1863375,0,0.000001588055556
7/27/2022 2:00,0.25905,0.13545,0.19525,0.237,0.22715,0.186225,0,0.0000001297222222
7/27/2022 3:00,0.2589,0.13495,0.195725,0.237,0.2273125,0.185975,0,0
7/27/2022 4:00,0.2587,0.135075,0.19595,0.237175,0.227325,0.186125,0,0
7/27/2022 5:00,0.25835,0.134575,0.1964,0.23765,0.227375,0.1861125,0,0
7/27/2022 6:00,0.258125,0.1347,0.19695,0.238,0.2275375,0.18635,0,0
7/27/2022 7:00,0.258025,0.134825,0.19695,0.238925,0.2274875,0.186875,0,0
7/27/2022 8:00,0.2572,0.135075,0.1973,0.239525,0.22725,0.1873,0,0
7/27/2022 9:00,0.2561,0.135325,0.19695,0.239775,0.226525,0.18755,0,0
7/27/2022 10:00,0.25515,0.13495,0.1966,0.2399,0.225875,0.187425,0,0
7/27/2022 11:00,0.2542,0.1352,0.1975,0.23965,0.22585,0.187425,0,0
7/27/2022 12:00,0.2526,0.135075,0.19885,0.239025,0.225725,0.18705,0,0
7/27/2022 13:00,0.2516,0.135075,0.19975,0.23855,0.225675,0.1868125,0,0
7/27/2022 14:00,0.249975,0.13545,0.2,0.23765,0.2249875,0.18655,0,0
7/27/2022 15:00,0.248925,0.136,0.1994,0.2368,0.2241625,0.1864,0,0
7/27/2022 16:00,0.2477,0.136575,0.19875,0.2371,0.223225,0.1868375,0,0.0005597547222
7/27/2022 17:00,0.2466,0.137425,0.198725,0.240575,0.2226625,0.189,0.00005555555556,0
7/27/2022 18:00,0.24695,0.138325,0.198075,0.240325,0.2225125,0.189325,0,0
7/27/2022 19:00,0.2473,0.138025,0.196625,0.23925,0.2219625,0.1886375,0,0
7/27/2022 20:00,0.2477,0.138025,0.195825,0.2385,0.2217625,0.1882625,0,0
7/27/2022 21:00,0.248,0.1375,0.195025,0.237975,0.2215125,0.1877375,0,0
7/27/2022 22:00,0.2477,0.137275,0.194725,0.237525,0.2212125,0.1874,0,0.0007304166667
7/27/2022 23:00,0.2473,0.1367,0.195175,0.239925,0.2212375,0.1883125,0.0001666666667,0.001277740833
7/28/2022 0:00,0.2471,0.136475,0.1958,0.241875,0.22145,0.189175,0,0
7/28/2022 1:00,0.2472,0.136125,0.19605,0.2416,0.221625,0.1888625,0.00005555555556,0
7/28/2022 2:00,0.2474,0.1358,0.196275,0.241675,0.2218375,0.1887375,0,0
7/28/2022 3:00,0.2474,0.13545,0.196625,0.2417,0.2220125,0.188575,0,0
7/28/2022 4:00,0.2478,0.13545,0.196825,0.2414,0.2223125,0.188425,0,0.000016875
7/28/2022 5:00,0.2478,0.135325,0.1973,0.2411,0.22255,0.1882125,0,0.0000366575
7/28/2022 6:00,0.2481,0.1352,0.1975,0.2414,0.2228,0.1883,0.00005555555556,0.0000008841666667
7/28/2022 7:00,0.2486,0.13495,0.19785,0.2416,0.223225,0.188275,0.00005555555556,0.000003634166667
7/28/2022 8:00,0.249725,0.13495,0.198175,0.2415,0.22395,0.188225,0.0001111111111,0.000004643611111
7/28/2022 9:00,0.2496,0.135075,0.19775,0.2418,0.223675,0.1884375,0,0.00000000925
7/28/2022 10:00,0.2497,0.13495,0.197175,0.2413,0.2234375,0.188125,0,0
7/28/2022 11:00,0.250175,0.13495,0.1973,0.24055,0.2237375,0.18775,0,0.0000004630555556
7/28/2022 12:00,0.250975,0.13495,0.1975,0.239825,0.2242375,0.1873875,0.00005555555556,0.00002718527778
7/28/2022 13:00,0.2523,0.1347,0.1975,0.2412,0.2249,0.18795,0.0001111111111,0.000009060277778
7/28/2022 14:00,0.25365,0.13495,0.196925,0.23955,0.2252875,0.18725,0,0.0001280416667
7/28/2022 15:00,0.254875,0.13495,0.197075,0.23745,0.225975,0.1862,0,0
7/28/2022 16:00,0.2554,0.13495,0.196825,0.2363,0.2261125,0.185625,0,0.000001629722222
7/28/2022 17:00,0.256025,0.135075,0.197175,0.235975,0.2266,0.185525,0,0.0000450325
7/28/2022 18:00,0.25655,0.135075,0.196625,0.23565,0.2265875,0.1853625,0,0.00007767583333
7/28/2022 19:00,0.257,0.1352,0.1964,0.2353,0.2267,0.18525,0,0.0000490325
7/28/2022 20:00,0.257775,0.135075,0.1964,0.2353,0.2270875,0.1851875,0,0.0000006991666667
7/28/2022 21:00,0.25835,0.135075,0.196275,0.2355,0.2273125,0.1852875,0,0.000001328611111
7/28/2022 22:00,0.2588,0.135075,0.1964,0.2354,0.2276,0.1852375,0,0.00001399527778
7/28/2022 23:00,0.25905,0.134825,0.196725,0.2354,0.2278875,0.1851125,0,0.000006509166667
7/29/2022 0:00,0.25905,0.13495,0.197275,0.2351,0.2281625,0.185025,0,0
7/29/2022 1:00,0.259125,0.1347,0.197375,0.2352,0.22825,0.18495,0,0
7/29/2022 2:00,0.2597,0.1352,0.197625,0.2353,0.2286625,0.18525,0,0
7/29/2022 3:00,0.26,0.13495,0.198075,0.2352,0.2290375,0.185075,0,0
7/29/2022 4:00,0.2602,0.135075,0.1985,0.235475,0.22935,0.185275,0,0
7/29/2022 5:00,0.2601,0.134825,0.198775,0.235725,0.2294375,0.185275,0,0.000000125
7/29/2022 6:00,0.2602,0.13495,0.1991,0.236175,0.22965,0.1855625,0,0.00002225916667
7/29/2022 7:00,0.2604,0.135075,0.199775,0.2365,0.2300875,0.1857875,0,0
7/29/2022 8:00,0.2598,0.13495,0.19975,0.2369,0.229775,0.185925,0,0
7/29/2022 9:00,0.258775,0.13495,0.19875,0.237,0.2287625,0.185975,0,0
7/29/2022 10:00,0.257675,0.13495,0.1984,0.237325,0.2280375,0.1861375,0,0
7/29/2022 11:00,0.256375,0.134825,0.197725,0.2374,0.22705,0.1861125,0,0
7/29/2022 12:00,0.2555,0.1347,0.19865,0.23725,0.227075,0.185975,0,0
7/29/2022 13:00,0.2544,0.1352,0.19975,0.2367,0.227075,0.18595,0,0
7/29/2022 14:00,0.25295,0.1352,0.200675,0.23695,0.2268125,0.186075,0.00005555555556,0
7/29/2022 15:00,0.3098,0.134175,0.1967,0.2398,0.25325,0.1869875,0.002166666667,0
7/29/2022 16:00,0.310975,0.1347,0.1966,0.2458,0.2537875,0.19025,0,0.00001314805556
7/29/2022 17:00,0.309425,0.134025,0.19495,0.2498,0.2521875,0.1919125,0.00005555555556,0.000001036944444
7/29/2022 18:00,0.3079,0.134025,0.1945,0.25255,0.2512,0.1932875,0,0.0000005416666667
7/29/2022 19:00,0.306975,0.13385,0.1938,0.254475,0.2503875,0.1941625,0.00005555555556,0.000001708333333
7/29/2022 20:00,0.3092,0.1343,0.1923,0.256375,0.25075,0.1953375,0.0002777777778,0.002181911944
7/29/2022 21:00,0.309825,0.13445,0.19245,0.257675,0.2511375,0.1960625,0,0.00002875472222
7/29/2022 22:00,0.308375,0.13445,0.1926,0.258875,0.2504875,0.1966625,0,0.00001651388889
7/29/2022 23:00,0.306975,0.13415,0.1932,0.2598,0.2500875,0.196975,0,0.00003487972222
7/30/2022 0:00,0.306025,0.133675,0.19335,0.26035,0.2496875,0.1970125,0,0.00000008805555556
7/30/2022 1:00,0.30495,0.13385,0.194,0.2608,0.249475,0.197325,0,0.0001031805556
7/30/2022 2:00,0.304,0.1334,0.1945,0.2614,0.24925,0.1974,0,0.0001700186111
7/30/2022 3:00,0.3034,0.1335,0.195025,0.2618,0.2492125,0.19765,0.00005555555556,0.000007944444444
7/30/2022 4:00,0.302825,0.1342,0.1952,0.26225,0.2490125,0.198225,0,0.0000001991666667
7/30/2022 5:00,0.302125,0.134325,0.1958,0.2626,0.2489625,0.1984625,0,0
7/30/2022 6:00,0.3016,0.134575,0.1965,0.2632,0.24905,0.1988875,0,0
7/30/2022 7:00,0.3012,0.13415,0.1967,0.263425,0.24895,0.1987875,0,0
7/30/2022 8:00,0.300425,0.13465,0.19775,0.263525,0.2490875,0.1990875,0,0
7/30/2022 9:00,0.297475,0.13625,0.19875,0.265825,0.2481125,0.2010375,0,0
7/30/2022 10:00,0.295575,0.136475,0.198875,0.26535,0.247225,0.2009125,0,0
7/30/2022 11:00,0.2937,0.136225,0.2001,0.2644,0.2469,0.2003125,0,0
7/30/2022 12:00,0.292825,0.136225,0.2011,0.26415,0.2469625,0.2001875,0,0
7/30/2022 13:00,0.29145,0.1366,0.201925,0.2636,0.2466875,0.2001,0,0
7/30/2022 14:00,0.29075,0.136475,0.20185,0.2629,0.2463,0.1996875,0,0
7/30/2022 15:00,0.29145,0.137,0.201,0.262325,0.246225,0.1996625,0,0
7/30/2022 16:00,0.290675,0.137,0.2002,0.261875,0.2454375,0.1994375,0,0.0000007269444444
7/30/2022 17:00,0.28995,0.137125,0.199775,0.26165,0.2448625,0.1993875,0,0.000001055555556
7/30/2022 18:00,0.289575,0.1375,0.199525,0.2613,0.24455,0.1994,0,0
7/30/2022 19:00,0.289575,0.1375,0.1992,0.2612,0.2443875,0.19935,0,0.0000004769444444
7/30/2022 20:00,0.2898,0.1375,0.1991,0.261,0.24445,0.19925,0,0.0002232175
7/30/2022 21:00,0.289575,0.137125,0.19875,0.2608,0.2441625,0.1989625,0,0.0000001944444444
7/30/2022 22:00,0.2895,0.1367,0.19875,0.260725,0.244125,0.1987125,0,0.000005023055556
7/30/2022 23:00,0.289375,0.136675,0.1994,0.26055,0.2443875,0.1986125,0,0
7/31/2022 0:00,0.289,0.1368,0.1994,0.260475,0.2442,0.1986375,0,0.0001226480556
7/31/2022 1:00,0.28885,0.13635,0.1999,0.260375,0.244375,0.1983625,0,0.00001585194444
7/31/2022 2:00,0.28855,0.136475,0.200425,0.260375,0.2444875,0.198425,0,0.000001161944444
7/31/2022 3:00,0.288325,0.13635,0.2008,0.26055,0.2445625,0.19845,0,0
7/31/2022 4:00,0.288,0.136125,0.2009,0.26055,0.24445,0.1983375,0,0
7/31/2022 5:00,0.2877,0.13635,0.2012,0.260575,0.24445,0.1984625,0,0
7/31/2022 6:00,0.2877,0.136,0.20165,0.26065,0.244675,0.198325,0,0
7/31/2022 7:00,0.28755,0.136225,0.202,0.2612,0.244775,0.1987125,0,0
7/31/2022 8:00,0.286975,0.136475,0.202675,0.261575,0.244825,0.199025,0,0
7/31/2022 9:00,0.285425,0.136475,0.20245,0.261875,0.2439375,0.199175,0,0
7/31/2022 10:00,0.28445,0.1367,0.202,0.261875,0.243225,0.1992875,0,0
7/31/2022 11:00,0.2832,0.13635,0.20245,0.26165,0.242825,0.199,0,0
7/31/2022 12:00,0.2816,0.13635,0.20335,0.261575,0.242475,0.1989625,0,0
7/31/2022 13:00,0.27965,0.136575,0.20415,0.2608,0.2419,0.1986875,0,0
7/31/2022 14:00,0.278125,0.1368,0.20485,0.2602,0.2414875,0.1985,0,0
7/31/2022 15:00,0.276975,0.1375,0.20485,0.2594,0.2409125,0.19845,0,0
7/31/2022 16:00,0.276175,0.138025,0.204275,0.2595,0.240225,0.1987625,0,0
7/31/2022 17:00,0.276,0.1388,0.203275,0.261575,0.2396375,0.2001875,0,0.00001666194444
7/31/2022 18:00,0.276625,0.139,0.2023,0.260175,0.2394625,0.1995875,0,0
7/31/2022 19:00,0.2768,0.1389,0.201775,0.259325,0.2392875,0.1991125,0,0.00006632861111
7/31/2022 20:00,0.277225,0.139,0.2012,0.2588,0.2392125,0.1989,0,0.00005017583333
7/31/2022 21:00,0.2773,0.138575,0.2014,0.2585,0.23935,0.1985375,0,0.000002925833333
7/31/2022 22:00,0.277225,0.1387,0.201,0.2586,0.2391125,0.19865,0,0.0001485369444
7/31/2022 23:00,0.277225,0.1382,0.201325,0.258275,0.239275,0.1982375,0,0.0001786944444
8/1/2022 0:00,0.27715,0.137675,0.20165,0.2582,0.2394,0.1979375,0,0.000001393611111
8/1/2022 1:00,0.27715,0.137425,0.201925,0.25805,0.2395375,0.1977375,0,0.00000006944444444
8/1/2022 2:00,0.277,0.137125,0.20245,0.25805,0.239725,0.1975875,0,0
8/1/2022 3:00,0.277,0.1368,0.20275,0.257975,0.239875,0.1973875,0,0
8/1/2022 4:00,0.2767,0.1369,0.202975,0.257975,0.2398375,0.1974375,0,0
8/1/2022 5:00,0.2769,0.1366,0.20335,0.2579,0.240125,0.19725,0,0
8/1/2022 6:00,0.277,0.1366,0.20365,0.257975,0.240325,0.1972875,0,0
8/1/2022 7:00,0.2767,0.136475,0.203925,0.25805,0.2403125,0.1972625,0,0
8/1/2022 8:00,0.276525,0.1367,0.203925,0.258275,0.240225,0.1974875,0,0
8/1/2022 9:00,0.27575,0.1367,0.2038,0.2586,0.239775,0.19765,0,0
8/1/2022 10:00,0.274675,0.1366,0.203425,0.258525,0.23905,0.1975625,0,0
8/1/2022 11:00,0.27375,0.1368,0.203775,0.2586,0.2387625,0.1977,0,0
8/1/2022 12:00,0.2724,0.136475,0.2045,0.2582,0.23845,0.1973375,0,0
8/1/2022 13:00,0.271,0.1367,0.205525,0.2573,0.2382625,0.197,0,0
8/1/2022 14:00,0.269775,0.137125,0.205975,0.2571,0.237875,0.1971125,0,0
8/1/2022 15:00,0.268975,0.137675,0.205375,0.2571,0.237175,0.1973875,0,0
8/1/2022 16:00,0.268025,0.138575,0.204825,0.2581,0.236425,0.1983375,0,0.00000004638888889
8/1/2022 17:00,0.26855,0.139125,0.203925,0.258175,0.2362375,0.19865,0.00005555555556,0.00001680555556
8/1/2022 18:00,0.2691,0.13935,0.2032,0.2582,0.23615,0.198775,0.00005555555556,0
8/1/2022 19:00,0.270125,0.138875,0.2026,0.259825,0.2363625,0.19935,0.0001666666667,0
8/1/2022 20:00,0.285875,0.13715,0.197375,0.25655,0.241625,0.19685,0.001333333333,0.000001148055556
8/1/2022 21:00,0.320525,0.137675,0.193275,0.256725,0.2569,0.1972,0.0003888888889,0.00008084722222
8/1/2022 22:00,0.31725,0.13725,0.19395,0.2564,0.2556,0.196825,0,0.0003028519444
8/1/2022 23:00,0.3143,0.136575,0.1948,0.256825,0.25455,0.1967,0,0.0002354722222
8/2/2022 0:00,0.312375,0.13635,0.19595,0.2575,0.2541625,0.196925,0,0.0003706480556
8/2/2022 1:00,0.310975,0.13625,0.19705,0.2582,0.2540125,0.197225,0,0.0003080186111
8/2/2022 2:00,0.31,0.1359,0.19795,0.258775,0.253975,0.1973375,0,0.001058935278
8/2/2022 3:00,0.30895,0.1359,0.198975,0.2595,0.2539625,0.1977,0,0.00008176388889
8/2/2022 4:00,0.3082,0.1358,0.2001,0.260475,0.25415,0.1981375,0,0.000001911944444
8/2/2022 5:00,0.307575,0.135575,0.2011,0.2609,0.2543375,0.1982375,0,0
8/2/2022 6:00,0.30705,0.135675,0.202375,0.2618,0.2547125,0.1987375,0,0
8/2/2022 7:00,0.3063,0.13545,0.20305,0.262325,0.254675,0.1988875,0.00005555555556,0
8/2/2022 8:00,0.30555,0.13645,0.2045,0.262625,0.255025,0.1995375,0,0
8/2/2022 9:00,0.302475,0.1379,0.205975,0.264975,0.254225,0.2014375,0,0
8/2/2022 10:00,0.30035,0.1382,0.206475,0.264775,0.2534125,0.2014875,0,0
8/2/2022 11:00,0.29875,0.138025,0.207925,0.26335,0.2533375,0.2006875,0,0
8/2/2022 12:00,0.29965,0.13635,0.2072,0.263275,0.253425,0.1998125,0.0001666666667,0
8/2/2022 13:00,0.298925,0.137325,0.208925,0.2646,0.253925,0.2009625,0,0
8/2/2022 14:00,0.2968,0.13845,0.21,0.2626,0.2534,0.200525,0,0.00000007416666667
8/2/2022 15:00,0.2959,0.13915,0.210525,0.26225,0.2532125,0.2007,0,0.0000001991666667
8/2/2022 16:00,0.294175,0.140025,0.2102,0.26225,0.2521875,0.2011375,0,0
8/2/2022 17:00,0.293075,0.140425,0.20975,0.26225,0.2514125,0.2013375,0,0.0000001019444444
8/2/2022 18:00,0.292275,0.141025,0.2093,0.26225,0.2507875,0.2016375,0,0.0002057686111
8/2/2022 19:00,0.292275,0.1412,0.209075,0.262025,0.250675,0.2016125,0,0.000003143611111
8/2/2022 20:00,0.2925,0.1413,0.2087,0.2621,0.2506,0.2017,0,0.0000465925
8/2/2022 21:00,0.29265,0.141025,0.2086,0.26195,0.250625,0.2014875,0,0
8/2/2022 22:00,0.292575,0.140725,0.208725,0.26195,0.25065,0.2013375,0,0.00003170361111
8/2/2022 23:00,0.2925,0.1405,0.209275,0.261875,0.2508875,0.2011875,0,0.00000007416666667
8/3/2022 0:00,0.2922,0.1399,0.209625,0.26165,0.2509125,0.200775,0,0.0000002130555556
8/3/2022 1:00,0.291975,0.139675,0.2102,0.261575,0.2510875,0.200625,0,0
8/3/2022 2:00,0.2919,0.139475,0.210725,0.2615,0.2513125,0.2004875,0,0
8/3/2022 3:00,0.29165,0.1389,0.21085,0.2613,0.25125,0.2001,0,0
8/3/2022 4:00,0.291525,0.138675,0.21145,0.2614,0.2514875,0.2000375,0,0
8/3/2022 5:00,0.2914,0.1387,0.21195,0.2612,0.251675,0.19995,0,0.000004486111111
8/3/2022 6:00,0.29125,0.13845,0.212975,0.2613,0.2521125,0.199875,0,0.0000002222222222
8/3/2022 7:00,0.291175,0.138575,0.2133,0.2618,0.2522375,0.2001875,0,0
8/3/2022 8:00,0.29095,0.138575,0.2139,0.26225,0.252425,0.2004125,0,0
8/3/2022 9:00,0.289475,0.13845,0.213525,0.262175,0.2515,0.2003125,0,0
8/3/2022 10:00,0.287967,0.1382,0.213033,0.262467,0.2505,0.2003335,0,0
8/3/2022 11:00,0.286675,0.138025,0.21275,0.2626,0.2497125,0.2003125,0,0
8/3/2022 12:00,0.285025,0.137675,0.213175,0.262325,0.2491,0.2,0,0
8/3/2022 13:00,0.28345,0.1382,0.21375,0.261775,0.2486,0.1999875,0,0
8/3/2022 14:00,0.282475,0.138675,0.213875,0.2613,0.248175,0.1999875,0,0
8/3/2022 15:00,0.281425,0.138675,0.213525,0.2613,0.247475,0.1999875,0,0
8/3/2022 16:00,0.280725,0.1396,0.213325,0.2611,0.247025,0.20035,0,0.0000001388888889
8/3/2022 17:00,0.28005,0.13935,0.212725,0.2612,0.2463875,0.200275,0,0
8/3/2022 18:00,0.27945,0.1399,0.2125,0.2612,0.245975,0.20055,0,0
8/3/2022 19:00,0.2793,0.1397,0.2123,0.2607,0.2458,0.2002,0,0
8/3/2022 20:00,0.279525,0.1398,0.211825,0.26045,0.245675,0.200125,0,0.0000021575
8/3/2022 21:00,0.28,0.13935,0.211825,0.2601,0.2459125,0.199725,0,0
8/3/2022 22:00,0.28,0.139225,0.21195,0.2602,0.245975,0.1997125,0,0
8/3/2022 23:00,0.2799,0.139,0.2124,0.2598,0.24615,0.1994,0,0
8/4/2022 0:00,0.2796,0.138575,0.21285,0.2597,0.246225,0.1991375,0,0
8/4/2022 1:00,0.2796,0.13815,0.213525,0.2594,0.2465625,0.198775,0,0
8/4/2022 2:00,0.279375,0.138025,0.2141,0.2596,0.2467375,0.1988125,0,0
8/4/2022 3:00,0.279525,0.13755,0.214575,0.2596,0.24705,0.198575,0,0
8/4/2022 4:00,0.2793,0.1375,0.21505,0.2592,0.247175,0.19835,0,0
8/4/2022 5:00,0.2793,0.137,0.215525,0.2597,0.2474125,0.19835,0,0
8/4/2022 6:00,0.27915,0.137125,0.216125,0.2599,0.2476375,0.1985125,0,0
8/4/2022 7:00,0.279075,0.137375,0.2164,0.260375,0.2477375,0.198875,0,0
8/4/2022 8:00,0.278725,0.137375,0.2169,0.2611,0.2478125,0.1992375,0,0
8/4/2022 9:00,0.2778,0.138025,0.216775,0.2614,0.2472875,0.1997125,0,0
8/4/2022 10:00,0.276625,0.137675,0.215975,0.2613,0.2463,0.1994875,0,0
8/4/2022 11:00,0.275675,0.137125,0.21585,0.2611,0.2457625,0.1991125,0,0
8/4/2022 12:00,0.2741,0.137375,0.215975,0.26055,0.2450375,0.1989625,0,0
8/4/2022 13:00,0.27255,0.13725,0.21625,0.2599,0.2444,0.198575,0,0
8/4/2022 14:00,0.27125,0.1382,0.216375,0.2595,0.2438125,0.19885,0,0.00000004166666667
8/4/2022 15:00,0.26985,0.1389,0.21585,0.2592,0.24285,0.19905,0,0.00000005555555556
8/4/2022 16:00,0.26855,0.139475,0.215325,0.259125,0.2419375,0.1993,0,0
8/4/2022 17:00,0.267575,0.14025,0.2141,0.258975,0.2408375,0.1996125,0,0
8/4/2022 18:00,0.267075,0.1405,0.21285,0.258525,0.2399625,0.1995125,0,0
8/4/2022 19:00,0.2667,0.14085,0.212175,0.25835,0.2394375,0.1996,0,0
8/4/2022 20:00,0.2669,0.14085,0.21145,0.25805,0.239175,0.19945,0,0
8/4/2022 21:00,0.2673,0.140675,0.21105,0.2582,0.239175,0.1994375,0,0
8/4/2022 22:00,0.2674,0.140425,0.210775,0.2577,0.2390875,0.1990625,0,0
8/4/2022 23:00,0.2673,0.1397,0.21065,0.2575,0.238975,0.1986,0,0
8/5/2022 0:00,0.2675,0.139575,0.21085,0.2574,0.239175,0.1984875,0,0
8/5/2022 1:00,0.2668,0.1391,0.210975,0.2573,0.2388875,0.1982,0,0
8/5/2022 2:00,0.26655,0.1387,0.211325,0.2571,0.2389375,0.1979,0,0
8/5/2022 3:00,0.2664,0.138025,0.21205,0.2569,0.239225,0.1974625,0,0
8/5/2022 4:00,0.2664,0.137675,0.212625,0.257,0.2395125,0.1973375,0,0
8/5/2022 5:00,0.266,0.13725,0.213175,0.2569,0.2395875,0.197075,0,0
8/5/2022 6:00,0.265925,0.1369,0.21305,0.2569,0.2394875,0.1969,0,0
8/5/2022 7:00,0.265775,0.137025,0.21375,0.2573,0.2397625,0.1971625,0,0
8/5/2022 8:00,0.265425,0.13715,0.214,0.257975,0.2397125,0.1975625,0,0
8/5/2022 9:00,0.263975,0.1369,0.213775,0.25805,0.238875,0.197475,0,0
8/5/2022 10:00,0.2629,0.1368,0.213375,0.257975,0.2381375,0.1973875,0,0
8/5/2022 11:00,0.26195,0.1369,0.213175,0.258125,0.2375625,0.1975125,0,0
8/5/2022 12:00,0.26065,0.1367,0.2131,0.2576,0.236875,0.19715,0,0
8/5/2022 13:00,0.25905,0.1368,0.212975,0.256625,0.2360125,0.1967125,0,0
8/5/2022 14:00,0.257375,0.13725,0.212725,0.2562,0.23505,0.196725,0,0
8/5/2022 15:00,0.25645,0.137975,0.212525,0.25645,0.2344875,0.1972125,0,0
8/5/2022 16:00,0.255325,0.1389,0.211375,0.25655,0.23335,0.197725,0,0.00000003694444444
8/5/2022 17:00,0.2541,0.1391,0.210425,0.2562,0.2322625,0.19765,0,0
8/5/2022 18:00,0.2533,0.1397,0.209225,0.25585,0.2312625,0.197775,0,0.0000000231
8/5/2022 19:00,0.2529,0.1399,0.208625,0.255775,0.2307625,0.1978375,0,0
8/5/2022 20:00,0.2529,0.1399,0.2078,0.2554,0.23035,0.19765,0,0.00001066666667
8/5/2022 21:00,0.2534,0.1398,0.207225,0.25675,0.2303125,0.198275,0,0.0000022825
8/5/2022 22:00,0.25335,0.14,0.207225,0.2592,0.2302875,0.1996,0,0
8/5/2022 23:00,0.2533,0.139475,0.20715,0.25905,0.230225,0.1992625,0,0
8/6/2022 0:00,0.2533,0.139,0.207475,0.2589,0.2303875,0.19895,0,0
8/6/2022 1:00,0.2527,0.138675,0.2078,0.2587,0.23025,0.1986875,0,0.0000000325
8/6/2022 2:00,0.2522,0.138025,0.208275,0.2587,0.2302375,0.1983625,0,0.000000375
8/6/2022 3:00,0.252,0.137675,0.2086,0.2585,0.2303,0.1980875,0,0.001011481389
8/6/2022 4:00,0.252,0.137275,0.209275,0.25835,0.2306375,0.1978125,0,0.00000008333333333
8/6/2022 5:00,0.2517,0.137,0.209675,0.258425,0.2306875,0.1977125,0,0
8/6/2022 6:00,0.2517,0.1368,0.209625,0.2585,0.2306625,0.19765,0,0
8/6/2022 7:00,0.2516,0.136575,0.2101,0.2587,0.23085,0.1976375,0,0
8/6/2022 8:00,0.2516,0.1368,0.2102,0.2572,0.2309,0.197,0,0
8/6/2022 9:00,0.251125,0.136575,0.209975,0.25585,0.23055,0.1962125,0,0
8/6/2022 10:00,0.250175,0.13625,0.20915,0.25585,0.2296625,0.19605,0,0
8/6/2022 11:00,0.249325,0.136025,0.208175,0.2553,0.22875,0.1956625,0,0
8/6/2022 12:00,0.2481,0.1361,0.20805,0.25505,0.228075,0.195575,0,0
8/6/2022 13:00,0.246575,0.136225,0.20755,0.2544,0.2270625,0.1953125,0,0
8/6/2022 14:00,0.244575,0.13635,0.20755,0.2538,0.2260625,0.195075,0,0
8/6/2022 15:00,0.243025,0.1368,0.207,0.2536,0.2250125,0.1952,0,0
8/6/2022 16:00,0.241275,0.1375,0.20585,0.2536,0.2235625,0.19555,0,0.0000001480555556
8/6/2022 17:00,0.23995,0.13845,0.204375,0.2533,0.2221625,0.195875,0,0
8/6/2022 18:00,0.239025,0.138575,0.20325,0.2532,0.2211375,0.1958875,0,0
8/6/2022 19:00,0.2387,0.138575,0.20215,0.2531,0.220425,0.1958375,0,0.00005925916667
8/6/2022 20:00,0.238775,0.138575,0.201575,0.2527,0.220175,0.1956375,0,0
8/6/2022 21:00,0.2391,0.13845,0.200775,0.2523,0.2199375,0.195375,0,0
8/6/2022 22:00,0.23965,0.13785,0.200225,0.252,0.2199375,0.194925,0,0
8/6/2022 23:00,0.2399,0.137375,0.1999,0.2521,0.2199,0.1947375,0,0
8/7/2022 0:00,0.2399,0.136775,0.2,0.2518,0.21995,0.1942875,0,0
8/7/2022 1:00,0.2399,0.136475,0.20045,0.2518,0.220175,0.1941375,0,0
8/7/2022 2:00,0.2394,0.136025,0.20055,0.2517,0.219975,0.1938625,0,0.0000006991666667
8/7/2022 3:00,0.2393,0.13565,0.201,0.2515,0.22015,0.193575,0,0
8/7/2022 4:00,0.2391,0.135325,0.201325,0.2514,0.2202125,0.1933625,0,0
8/7/2022 5:00,0.2391,0.13495,0.2017,0.2513,0.2204,0.193125,0,0
8/7/2022 6:00,0.239,0.13495,0.20185,0.2514,0.220425,0.193175,0,0
8/7/2022 7:00,0.23875,0.134825,0.20215,0.2519,0.22045,0.1933625,0,0
8/7/2022 8:00,0.2383,0.1352,0.2026,0.2526,0.22045,0.1939,0,0
8/7/2022 9:00,0.236475,0.135325,0.20215,0.2525,0.2193125,0.1939125,0,0
8/7/2022 10:00,0.235,0.134825,0.201,0.2524,0.218,0.1936125,0,0
8/7/2022 11:00,0.233675,0.134825,0.20035,0.2521,0.2170125,0.1934625,0,0
8/7/2022 12:00,0.231975,0.134575,0.199775,0.2514,0.215875,0.1929875,0,0
8/7/2022 13:00,0.229475,0.134575,0.19965,0.250625,0.2145625,0.1926,0,0
8/7/2022 14:00,0.22655,0.134575,0.1992,0.2499,0.212875,0.1922375,0,0
8/7/2022 15:00,0.223975,0.1352,0.19865,0.2501,0.2113125,0.19265,0,0.0000009305555556
8/7/2022 16:00,0.221275,0.136125,0.197075,0.2497,0.209175,0.1929125,0,0
8/7/2022 17:00,0.2188,0.136575,0.1948,0.2497,0.2068,0.1931375,0,0
8/7/2022 18:00,0.217425,0.13725,0.19315,0.2494,0.2052875,0.193325,0,0
8/7/2022 19:00,0.21715,0.13725,0.1919,0.249025,0.204525,0.1931375,0,0
8/7/2022 20:00,0.217625,0.137025,0.19105,0.24885,0.2043375,0.1929375,0,0
8/7/2022 21:00,0.21795,0.1368,0.18995,0.2487,0.20395,0.19275,0,0.000000125
8/7/2022 22:00,0.2182,0.136225,0.189725,0.2487,0.2039625,0.1924625,0,0
8/7/2022 23:00,0.218225,0.1358,0.1893,0.2485,0.2037625,0.19215,0,0.0002
8/8/2022 0:00,0.217625,0.13495,0.189475,0.248,0.20355,0.191475,0,0
8/8/2022 1:00,0.21715,0.134325,0.189575,0.2479,0.2033625,0.1911125,0,0
8/8/2022 2:00,0.217025,0.13385,0.189875,0.2477,0.20345,0.190775,0,0
8/8/2022 3:00,0.21715,0.1332,0.19025,0.2477,0.2037,0.19045,0,0
8/8/2022 4:00,0.217025,0.1326,0.1906,0.2477,0.2038125,0.19015,0,0
8/8/2022 5:00,0.2169,0.1326,0.190925,0.2476,0.2039125,0.1901,0,0
8/8/2022 6:00,0.21665,0.132475,0.19105,0.2475,0.20385,0.1899875,0,0
8/8/2022 7:00,0.216775,0.132125,0.1915,0.248,0.2041375,0.1900625,0,0
8/8/2022 8:00,0.216175,0.1326,0.192075,0.24885,0.204125,0.190725,0,0
8/8/2022 9:00,0.2142,0.132225,0.1913,0.2487,0.20275,0.1904625,0,0
8/8/2022 10:00,0.213,0.132125,0.18985,0.2484,0.201425,0.1902625,0,0
8/8/2022 11:00,0.21205,0.132,0.1888,0.2479,0.200425,0.18995,0,0
8/8/2022 12:00,0.21085,0.131675,0.18845,0.2474,0.19965,0.1895375,0,0
8/8/2022 13:00,0.20925,0.13145,0.1883,0.2466,0.198775,0.189025,0,0
8/8/2022 14:00,0.206625,0.1317,0.188075,0.2457,0.19735,0.1887,0,0.00000009722222222
8/8/2022 15:00,0.204175,0.131875,0.187425,0.246,0.1958,0.1889375,0,0
8/8/2022 16:00,0.202175,0.132225,0.18615,0.2459,0.1941625,0.1890625,0,0.000003263888889
8/8/2022 17:00,0.20065,0.132475,0.185,0.2459,0.192825,0.1891875,0,0
8/8/2022 18:00,0.199425,0.132475,0.1838,0.2457,0.1916125,0.1890875,0,0.00000008805555556
8/8/2022 19:00,0.1985,0.1326,0.18315,0.2454,0.190825,0.189,0,0
8/8/2022 20:00,0.1985,0.13235,0.18205,0.2452,0.190275,0.188775,0,0.0000003980555556
8/8/2022 21:00,0.199075,0.132025,0.1814,0.244975,0.1902375,0.1885,0,0
8/8/2022 22:00,0.1994,0.1318,0.18115,0.2449,0.190275,0.18835,0,0
8/8/2022 23:00,0.199525,0.13145,0.1813,0.2446,0.1904125,0.188025,0,0
8/9/2022 0:00,0.1991,0.13095,0.18085,0.2442,0.189975,0.187575,0,0
8/9/2022 1:00,0.1991,0.130575,0.18085,0.2439,0.189975,0.1872375,0,0
8/9/2022 2:00,0.1994,0.12995,0.18155,0.2438,0.190475,0.186875,0,0
8/9/2022 3:00,0.1992,0.129825,0.181525,0.2437,0.1903625,0.1867625,0,0
8/9/2022 4:00,0.1993,0.1297,0.18195,0.243625,0.190625,0.1866625,0,0
8/9/2022 5:00,0.1993,0.129525,0.18205,0.2437,0.190675,0.1866125,0,0
8/9/2022 6:00,0.1993,0.129,0.18245,0.244,0.190875,0.1865,0,0
8/9/2022 7:00,0.199525,0.129475,0.18285,0.244475,0.1911875,0.186975,0,0
8/9/2022 8:00,0.199075,0.12965,0.1837,0.245125,0.1913875,0.1873875,0,0
8/9/2022 9:00,0.197275,0.129825,0.1829,0.24505,0.1900875,0.1874375,0,0
8/9/2022 10:00,0.1963,0.129175,0.1813,0.2448,0.1888,0.1869875,0,0
8/9/2022 11:00,0.19535,0.12935,0.18035,0.2443,0.18785,0.186825,0,0
8/9/2022 12:00,0.194175,0.128875,0.18035,0.243375,0.1872625,0.186125,0,0
8/9/2022 13:00,0.1919,0.128875,0.1804,0.2422,0.18615,0.1855375,0,0
8/9/2022 14:00,0.188175,0.1285,0.18025,0.2411,0.1842125,0.1848,0,0
8/9/2022 15:00,0.1843,0.12875,0.1794,0.2408,0.18185,0.184775,0,0
8/9/2022 16:00,0.18165,0.129525,0.17765,0.2407,0.17965,0.1851125,0,0
8/9/2022 17:00,0.17905,0.130075,0.176225,0.240525,0.1776375,0.1853,0,0
8/9/2022 18:00,0.1772,0.13045,0.17475,0.2401,0.175975,0.185275,0,0
8/9/2022 19:00,0.1759,0.130075,0.1735,0.2402,0.1747,0.1851375,0,0
8/9/2022 20:00,0.1759,0.12995,0.17235,0.2399,0.174125,0.184925,0,0.0000005602777778
8/9/2022 21:00,0.17605,0.1302,0.1716,0.2401,0.173825,0.18515,0,0
8/9/2022 22:00,0.17575,0.12935,0.171025,0.23965,0.1733875,0.1845,0,0.0008295833333
8/9/2022 23:00,0.176275,0.128625,0.17035,0.2393,0.1733125,0.1839625,0,0.0000009258333333
8/10/2022 0:00,0.176425,0.128175,0.1702,0.239,0.1733125,0.1835875,0,0.00000006944444444
8/10/2022 1:00,0.1762,0.127725,0.1699,0.238775,0.17305,0.18325,0,0
8/10/2022 2:00,0.17635,0.12735,0.17,0.23885,0.173175,0.1831,0,0
8/10/2022 3:00,0.1766,0.1271,0.17015,0.2387,0.173375,0.1829,0,0
8/10/2022 4:00,0.176425,0.1266,0.1703,0.2385,0.1733625,0.18255,0,0
8/10/2022 5:00,0.1766,0.126475,0.1712,0.2385,0.1739,0.1824875,0,0
8/10/2022 6:00,0.1767,0.1266,0.171275,0.2384,0.1739875,0.1825,0,0
8/10/2022 7:00,0.1767,0.126225,0.17175,0.23885,0.174225,0.1825375,0,0
8/10/2022 8:00,0.176275,0.126475,0.17235,0.2393,0.1743125,0.1828875,0,0
8/10/2022 9:00,0.17515,0.126475,0.1722,0.2391,0.173675,0.1827875,0,0
8/10/2022 10:00,0.1743,0.125975,0.170525,0.238575,0.1724125,0.182275,0,0
8/10/2022 11:00,0.17365,0.12585,0.1694,0.2383,0.171525,0.182075,0,0
8/10/2022 12:00,0.17315,0.125475,0.1688,0.237275,0.170975,0.181375,0,0
8/10/2022 13:00,0.1726,0.124975,0.16905,0.23615,0.170825,0.1805625,0,0
8/10/2022 14:00,0.170275,0.124975,0.1696,0.2353,0.1699375,0.1801375,0,0
8/10/2022 15:00,0.16785,0.125225,0.16945,0.2352,0.16865,0.1802125,0,0.000001129722222
8/10/2022 16:00,0.164775,0.125475,0.1685,0.235,0.1666375,0.1802375,0,0
8/10/2022 17:00,0.161625,0.125475,0.16765,0.2348,0.1646375,0.1801375,0,0
8/10/2022 18:00,0.159525,0.125725,0.16705,0.2361,0.1632875,0.1809125,0.0002777777778,0.00000003694444444
8/10/2022 19:00,0.172875,0.125725,0.17425,0.2366,0.1735625,0.1811625,0.001055555556,0
8/10/2022 20:00,0.18485,0.125475,0.17295,0.2367,0.1789,0.1810875,0,0.0001111575
8/10/2022 21:00,0.1882,0.125475,0.1725,0.23725,0.18035,0.1813625,0,0
8/10/2022 22:00,0.19085,0.125225,0.17185,0.238475,0.18135,0.18185,0,0.0000003425
8/10/2022 23:00,0.192675,0.124975,0.17195,0.239425,0.1823125,0.1822,0,0
8/11/2022 0:00,0.19435,0.124725,0.1721,0.2399,0.183225,0.1823125,0,0.000004152777778
8/11/2022 1:00,0.196275,0.1246,0.1724,0.23875,0.1843375,0.181675,0,0.0001265463889
8/11/2022 2:00,0.198075,0.1244,0.1728,0.2379,0.1854375,0.18115,0,0
8/11/2022 3:00,0.2,0.1243,0.1734,0.237,0.1867,0.18065,0,0
8/11/2022 4:00,0.20165,0.124175,0.1735,0.2364,0.187575,0.1802875,0,0
8/11/2022 5:00,0.202525,0.1242,0.17375,0.2365,0.1881375,0.18035,0,0
8/11/2022 6:00,0.203775,0.124075,0.1741,0.2369,0.1889375,0.1804875,0,0
8/11/2022 7:00,0.20495,0.124075,0.1744,0.23715,0.189675,0.1806125,0,0
8/11/2022 8:00,0.20585,0.12395,0.1743,0.237075,0.190075,0.1805125,0,0
8/11/2022 9:00,0.206175,0.123825,0.17335,0.2367,0.1897625,0.1802625,0,0
8/11/2022 10:00,0.2064,0.1233,0.1721,0.235925,0.18925,0.1796125,0,0
8/11/2022 11:00,0.20685,0.1235,0.1703,0.2352,0.188575,0.17935,0,0.0000006388888889
8/11/2022 12:00,0.206125,0.122975,0.1702,0.234225,0.1881625,0.1786,0,0
8/11/2022 13:00,0.2054,0.12265,0.17125,0.232975,0.188325,0.1778125,0,0
8/11/2022 14:00,0.2034,0.1231,0.173,0.234275,0.1882,0.1786875,0.0001666666667,0.00003856472222
8/11/2022 15:00,0.2026,0.1233,0.17455,0.236075,0.188575,0.1796875,0.00005555555556,0
8/11/2022 16:00,0.203275,0.1243,0.17315,0.2347,0.1882125,0.1795,0,0
8/11/2022 17:00,0.204075,0.1244,0.1716,0.23395,0.1878375,0.179175,0,0
8/11/2022 18:00,0.2078,0.12405,0.1718,0.2371,0.1898,0.180575,0.0001666666667,0
8/11/2022 19:00,0.2127,0.1231,0.1716,0.23585,0.19215,0.179475,0.0001111111111,0
8/11/2022 20:00,0.213475,0.123175,0.171275,0.2366,0.192375,0.1798875,0,0.00004832861111
8/11/2022 21:00,0.214575,0.1235,0.171275,0.237325,0.192925,0.1804125,0,0
8/11/2022 22:00,0.21585,0.1231,0.1714,0.237525,0.193625,0.1803125,0,0
8/11/2022 23:00,0.2165,0.12285,0.17125,0.2368,0.193875,0.179825,0,0.00001486111111
8/12/2022 0:00,0.21775,0.122775,0.171275,0.235475,0.1945125,0.179125,0,0.0003369213889
8/12/2022 1:00,0.2192,0.1224,0.17195,0.234625,0.195575,0.1785125,0,0.0001266158333
8/12/2022 2:00,0.22075,0.1224,0.1721,0.2338,0.196425,0.1781,0,0.0000001805555556
8/12/2022 3:00,0.221875,0.122275,0.17255,0.2338,0.1972125,0.1780375,0,0
8/12/2022 4:00,0.222775,0.122525,0.1728,0.2337,0.1977875,0.1781125,0,0
8/12/2022 5:00,0.22355,0.122025,0.1731,0.2337,0.198325,0.1778625,0,0
8/12/2022 6:00,0.2244,0.1219,0.17325,0.234275,0.198825,0.1780875,0,0
8/12/2022 7:00,0.22515,0.1219,0.17365,0.234625,0.1994,0.1782625,0,0
8/12/2022 8:00,0.22555,0.122275,0.174,0.234475,0.199775,0.178375,0,0
8/12/2022 9:00,0.22535,0.122275,0.17315,0.233925,0.19925,0.1781,0,0
8/12/2022 10:00,0.225025,0.122275,0.17215,0.2336,0.1985875,0.1779375,0,0
8/12/2022 11:00,0.2247,0.12215,0.17115,0.232775,0.197925,0.1774625,0,0
8/12/2022 12:00,0.2233,0.1219,0.170875,0.232075,0.1970875,0.1769875,0,0
8/12/2022 13:00,0.22135,0.122025,0.172,0.230875,0.196675,0.17645,0,0
8/12/2022 14:00,0.219775,0.122275,0.1725,0.2301,0.1961375,0.1761875,0,0
8/12/2022 15:00,0.218675,0.1224,0.1726,0.22965,0.1956375,0.176025,0,0
8/12/2022 16:00,0.21775,0.122975,0.171475,0.229325,0.1946125,0.17615,0,0.000001013888889
8/12/2022 17:00,0.216775,0.1231,0.1704,0.2291,0.1935875,0.1761,0,0
8/12/2022 18:00,0.215925,0.1229,0.1691,0.229175,0.1925125,0.1760375,0,0.0000002361111111
8/12/2022 19:00,0.215525,0.122525,0.1683,0.2286,0.1919125,0.1755625,0,0.0000008702777778
8/12/2022 20:00,0.216175,0.122525,0.16715,0.228725,0.1916625,0.175625,0,0
8/12/2022 21:00,0.216775,0.122525,0.166425,0.2286,0.1916,0.1755625,0,0
8/12/2022 22:00,0.217275,0.1219,0.165775,0.2284,0.191525,0.17515,0,0
8/12/2022 23:00,0.217625,0.1219,0.165675,0.2285,0.19165,0.1752,0,0.000001356388889
8/13/2022 0:00,0.21755,0.12165,0.165575,0.2285,0.1915625,0.175075,0,0.0000006063888889
8/13/2022 1:00,0.217475,0.121775,0.16595,0.228625,0.1917125,0.1752,0,0
8/13/2022 2:00,0.2174,0.12115,0.1665,0.228075,0.19195,0.1746125,0,0.000002902777778
8/13/2022 3:00,0.217475,0.1214,0.1665,0.2277,0.1919875,0.17455,0,0
8/13/2022 4:00,0.217475,0.12165,0.1665,0.227825,0.1919875,0.1747375,0,0
8/13/2022 5:00,0.217475,0.121275,0.16715,0.22795,0.1923125,0.1746125,0,0
8/13/2022 6:00,0.2174,0.12115,0.1673,0.228175,0.19235,0.1746625,0,0
8/13/2022 7:00,0.2174,0.12115,0.16765,0.228825,0.192525,0.1749875,0,0.00000000464
8/13/2022 8:00,0.2167,0.1214,0.1685,0.2299,0.1926,0.17565,0,0.0000002036111111
8/13/2022 9:00,0.215125,0.121275,0.1681,0.22965,0.1916125,0.1754625,0,0
8/13/2022 10:00,0.21375,0.121025,0.1673,0.229175,0.190525,0.1751,0,0
8/13/2022 11:00,0.212025,0.1209,0.1666,0.228525,0.1893125,0.1747125,0,0
8/13/2022 12:00,0.209775,0.120775,0.16765,0.22735,0.1887125,0.1740625,0,0
8/13/2022 13:00,0.2079,0.121025,0.1686,0.226075,0.18825,0.17355,0,0
8/13/2022 14:00,0.2062,0.121275,0.1687,0.22515,0.18745,0.1732125,0,0.0000001341666667
8/13/2022 15:00,0.205175,0.121525,0.16775,0.2249,0.1864625,0.1732125,0,0
8/13/2022 16:00,0.203625,0.121525,0.16775,0.2244,0.1856875,0.1729625,0,0.000003134166667
8/13/2022 17:00,0.202175,0.122025,0.1684,0.22705,0.1852875,0.1745375,0.0002777777778,0
8/13/2022 18:00,0.202375,0.12215,0.17025,0.23205,0.1863125,0.1771,0.0001111111111,0.0000000925
8/13/2022 19:00,0.2023,0.12215,0.16865,0.23125,0.185475,0.1767,0,0.00001824083333
8/13/2022 20:00,0.203125,0.122275,0.16795,0.230125,0.1855375,0.1762,0,0.0006791158333
8/13/2022 21:00,0.20415,0.122025,0.16725,0.228925,0.1857,0.175475,0,0
8/13/2022 22:00,0.2054,0.121775,0.1667,0.22795,0.18605,0.1748625,0,0.000009875
8/13/2022 23:00,0.2064,0.121525,0.1667,0.2271,0.18655,0.1743125,0,0.00004689361111
8/14/2022 0:00,0.2067,0.121275,0.1667,0.2264,0.1867,0.1738375,0,0.0000001063888889
8/14/2022 1:00,0.20685,0.121025,0.1666,0.225825,0.186725,0.173425,0,0
8/14/2022 2:00,0.207225,0.121025,0.1671,0.22575,0.1871625,0.1733875,0,0
8/14/2022 3:00,0.20755,0.1209,0.16725,0.2254,0.1874,0.17315,0,0
8/14/2022 4:00,0.207925,0.121025,0.1679,0.22555,0.1879125,0.1732875,0,0
8/14/2022 5:00,0.208175,0.120525,0.1684,0.22595,0.1882875,0.1732375,0,0
8/14/2022 6:00,0.2084,0.120775,0.1685,0.2263,0.18845,0.1735375,0,0
8/14/2022 7:00,0.2084,0.12065,0.16875,0.226775,0.188575,0.1737125,0,0
8/14/2022 8:00,0.2085,0.120525,0.1687,0.22695,0.1886,0.1737375,0,0
8/14/2022 9:00,0.2074,0.12065,0.1683,0.2264,0.18785,0.173525,0,0
8/14/2022 10:00,0.206475,0.120525,0.16705,0.225825,0.1867625,0.173175,0,0
8/14/2022 11:00,0.2061,0.1199,0.166225,0.225225,0.1861625,0.1725625,0,0
8/14/2022 12:00,0.20515,0.120275,0.1666,0.223875,0.185875,0.172075,0,0
8/14/2022 13:00,0.203475,0.120025,0.16785,0.222525,0.1856625,0.171275,0,0
8/14/2022 14:00,0.20145,0.120025,0.1684,0.221825,0.184925,0.170925,0,0
8/14/2022 15:00,0.19955,0.1204,0.16885,0.22095,0.1842,0.170675,0,0
8/14/2022 16:00,0.19795,0.120525,0.1681,0.22055,0.183025,0.1705375,0,0
8/14/2022 17:00,0.1966,0.120775,0.16705,0.22055,0.181825,0.1706625,0,0.0000000139
8/14/2022 18:00,0.1956,0.121025,0.1652,0.220675,0.1804,0.17085,0,0.0000009119444444
8/14/2022 19:00,0.19495,0.12115,0.16405,0.22055,0.1795,0.17085,0,0.0000005230555556
8/14/2022 20:00,0.1955,0.12065,0.1626,0.2203,0.17905,0.170475,0,0
8/14/2022 21:00,0.196175,0.120525,0.1617,0.2203,0.1789375,0.1704125,0,0.0000006713888889
8/14/2022 22:00,0.1964,0.120025,0.16115,0.2203,0.178775,0.1701625,0,0.000002875
8/14/2022 23:00,0.1963,0.120025,0.1604,0.220175,0.17835,0.1701,0,0.0000009630555556
8/15/2022 0:00,0.1966,0.119775,0.1605,0.220175,0.17855,0.169975,0,0
8/15/2022 1:00,0.1966,0.119275,0.1604,0.2198,0.1785,0.1695375,0,0.00007448611111
8/15/2022 2:00,0.19605,0.11915,0.1604,0.219575,0.178225,0.1693625,0,0
8/15/2022 3:00,0.1958,0.119275,0.1602,0.219575,0.178,0.169425,0,0.0001865972222
8/15/2022 4:00,0.1958,0.118775,0.1604,0.21925,0.1781,0.1690125,0,0.000004458333333
8/15/2022 5:00,0.196175,0.119025,0.16115,0.219375,0.1786625,0.1692,0,0
8/15/2022 6:00,0.1958,0.11865,0.1608,0.2195,0.1783,0.169075,0,0
8/15/2022 7:00,0.195925,0.118525,0.16115,0.219775,0.1785375,0.16915,0,0
8/15/2022 8:00,0.195125,0.118775,0.1619,0.220425,0.1785125,0.1696,0,0.000001027777778
8/15/2022 9:00,0.193675,0.118525,0.162,0.220175,0.1778375,0.16935,0,0
8/15/2022 10:00,0.192225,0.1184,0.161325,0.21965,0.176775,0.169025,0,0
8/15/2022 11:00,0.1913,0.118525,0.1605,0.218875,0.1759,0.1687,0,0
8/15/2022 12:00,0.1907,0.11815,0.161525,0.217425,0.1761125,0.1677875,0,0
8/15/2022 13:00,0.18885,0.117775,0.16285,0.215525,0.17585,0.16665,0,0
8/15/2022 14:00,0.185525,0.118275,0.1636,0.214425,0.1745625,0.16635,0,0
8/15/2022 15:00,0.1833,0.118275,0.162775,0.2142,0.1730375,0.1662375,0,0
8/15/2022 16:00,0.18155,0.1189,0.161425,0.2143,0.1714875,0.1666,0,0.0000005
8/15/2022 17:00,0.181,0.119025,0.160675,0.2148,0.1708375,0.1669125,0,0
8/15/2022 18:00,0.1797,0.1194,0.161425,0.216575,0.1705625,0.1679875,0.0001111111111,0.0000004861111111
8/15/2022 19:00,0.18025,0.119275,0.1605,0.21665,0.170375,0.1679625,0,0.0000002916666667
8/15/2022 20:00,0.17985,0.11915,0.1621,0.220825,0.170975,0.1699875,0.0002777777778,0.0000001297222222
8/15/2022 21:00,0.1806,0.11915,0.1619,0.222275,0.17125,0.1707125,0,0.00001044444444
8/15/2022 22:00,0.1809,0.11865,0.1615,0.222275,0.1712,0.1704625,0.00005555555556,0.00003206027778
8/15/2022 23:00,0.181,0.118525,0.1617,0.222025,0.17135,0.170275,0,0.0002677591667
8/16/2022 0:00,0.181525,0.1184,0.1616,0.22305,0.1715625,0.170725,0,0.00001715277778
8/16/2022 1:00,0.181525,0.118525,0.161625,0.22305,0.171575,0.1707875,0,0.00005345361111
8/16/2022 2:00,0.18145,0.118025,0.1615,0.22305,0.171475,0.1705375,0,0.0001394075
8/16/2022 3:00,0.18145,0.118025,0.1618,0.22305,0.171625,0.1705375,0,0.00003288888889
8/16/2022 4:00,0.181525,0.11815,0.1617,0.222975,0.1716125,0.1705625,0,0.000008824166667
8/16/2022 5:00,0.181625,0.117775,0.16225,0.22305,0.1719375,0.1704125,0,0.0000006852777778
8/16/2022 6:00,0.1818,0.1179,0.162,0.2229,0.1719,0.1704,0,0.0000005047222222
8/16/2022 7:00,0.18215,0.117525,0.1621,0.223125,0.172125,0.170325,0.00005555555556,0.0000001436111111
8/16/2022 8:00,0.18205,0.11765,0.1622,0.223125,0.172125,0.1703875,0,0
8/16/2022 9:00,0.18145,0.11765,0.1622,0.2219,0.171825,0.169775,0,0
8/16/2022 10:00,0.18145,0.1179,0.16245,0.22095,0.17195,0.169425,0,0
8/16/2022 11:00,0.1818,0.117775,0.1619,0.21815,0.17185,0.1679625,0,0
8/16/2022 12:00,0.1825,0.117775,0.16125,0.21625,0.171875,0.1670125,0,0
8/16/2022 13:00,0.18345,0.1174,0.160875,0.215375,0.1721625,0.1663875,0,0
8/16/2022 14:00,0.1833,0.117275,0.1603,0.21505,0.1718,0.1661625,0,0.0000000325
8/16/2022 15:00,0.1839,0.117275,0.1603,0.2141,0.1721,0.1656875,0,0.000003430555556
8/16/2022 16:00,0.1828,0.11765,0.160775,0.2147,0.1717875,0.166175,0,0.0000004352777778
8/16/2022 17:00,0.18295,0.11765,0.16115,0.2142,0.17205,0.165925,0,0.0000000231
8/16/2022 18:00,0.1832,0.117525,0.161525,0.2134,0.1723625,0.1654625,0.00005555555556,0.0000006063888889
8/16/2022 19:00,0.185825,0.117525,0.16435,0.220175,0.1750875,0.16885,0.0005,0.0000013425
8/16/2022 20:00,0.204,0.116275,0.1666,0.217275,0.1853,0.166775,0.0003888888889,0.0000005138888889
8/16/2022 21:00,0.2256,0.116275,0.165775,0.21795,0.1956875,0.1671125,0,0.0001066297222
8/16/2022 22:00,0.233325,0.11615,0.16595,0.2182,0.1996375,0.167175,0,0.0002761852778
8/16/2022 23:00,0.237575,0.1164,0.16595,0.2182,0.2017625,0.1673,0,0.0000007036111111
8/17/2022 0:00,0.240625,0.116275,0.165675,0.2182,0.20315,0.1672375,0,0.0004393008333
8/17/2022 1:00,0.243225,0.116275,0.16595,0.218275,0.2045875,0.167275,0,0.0002635091667
8/17/2022 2:00,0.245125,0.116275,0.166125,0.21835,0.205625,0.1673125,0,0.0001262313889
8/17/2022 3:00,0.2466,0.116275,0.166125,0.218875,0.2063625,0.167575,0,0
8/17/2022 4:00,0.2476,0.11615,0.166025,0.219125,0.2068125,0.1676375,0,0
8/17/2022 5:00,0.248575,0.11615,0.16615,0.21965,0.2073625,0.1679,0,0
8/17/2022 6:00,0.2494,0.11575,0.1666,0.219925,0.208,0.1678375,0,0
8/17/2022 7:00,0.2496,0.1159,0.1667,0.220425,0.20815,0.1681625,0,0
8/17/2022 8:00,0.2493,0.116275,0.1665,0.220825,0.2079,0.16855,0,0
8/17/2022 9:00,0.2481,0.11615,0.1663,0.22135,0.2072,0.16875,0,0
8/17/2022 10:00,0.2461,0.11715,0.165675,0.222025,0.2058875,0.1695875,0,0
8/17/2022 11:00,0.2442,0.1174,0.165475,0.219975,0.2048375,0.1686875,0,0.000001208333333
8/17/2022 12:00,0.244975,0.11765,0.1652,0.215725,0.2050875,0.1666875,0,0.000003143611111
8/17/2022 13:00,0.2454,0.1179,0.1655,0.21505,0.20545,0.166475,0,0
8/17/2022 14:00,0.245625,0.117525,0.167,0.216975,0.2063125,0.16725,0.0001666666667,0
8/17/2022 15:00,0.24845,0.118025,0.1681,0.218275,0.208275,0.16815,0,0
8/17/2022 16:00,0.250875,0.11815,0.16715,0.21445,0.2090125,0.1663,0,0
8/17/2022 17:00,0.252,0.118275,0.1668,0.213325,0.2094,0.1658,0,0.00000009722222222
8/17/2022 18:00,0.2521,0.11815,0.166125,0.21285,0.2091125,0.1655,0,0.0002601575
8/17/2022 19:00,0.2525,0.11815,0.166125,0.21285,0.2093125,0.1655,0,0.00004556944444
8/17/2022 20:00,0.25305,0.11815,0.1665,0.212975,0.209775,0.1655625,0,0.00004975916667
8/17/2022 21:00,0.2541,0.118275,0.166125,0.212975,0.2101125,0.165625,0,0.0000003194444444
8/17/2022 22:00,0.2548,0.118025,0.1664,0.212975,0.2106,0.1655,0,0
8/17/2022 23:00,0.2549,0.118025,0.1663,0.2126,0.2106,0.1653125,0,0.000002314722222
8/18/2022 0:00,0.2548,0.1179,0.1668,0.21285,0.2108,0.165375,0,0
8/18/2022 1:00,0.2548,0.11765,0.1673,0.213175,0.21105,0.1654125,0,0
8/18/2022 2:00,0.2546,0.11765,0.1681,0.213175,0.21135,0.1654125,0,0.000005046388889
8/18/2022 3:00,0.2546,0.11815,0.1681,0.213775,0.21135,0.1659625,0,0
8/18/2022 4:00,0.2546,0.117775,0.1682,0.214,0.2114,0.1658875,0,0
8/18/2022 5:00,0.2546,0.117525,0.16915,0.214675,0.211875,0.1661,0,0
8/18/2022 6:00,0.2544,0.117775,0.1693,0.21525,0.21185,0.1665125,0,0
8/18/2022 7:00,0.2546,0.1179,0.1696,0.21565,0.2121,0.166775,0,0
8/18/2022 8:00,0.2546,0.11815,0.1703,0.21585,0.21245,0.167,0,0
8/18/2022 9:00,0.254,0.11815,0.1697,0.21585,0.21185,0.167,0,0
8/18/2022 10:00,0.2526,0.118025,0.1693,0.21545,0.21095,0.1667375,0,0
8/18/2022 11:00,0.250525,0.1179,0.1682,0.2148,0.2093625,0.16635,0,0
8/18/2022 12:00,0.248375,0.1179,0.1683,0.213675,0.2083375,0.1657875,0,0
8/18/2022 13:00,0.24525,0.1179,0.1693,0.21205,0.207275,0.164975,0,0
8/18/2022 14:00,0.24245,0.11815,0.17125,0.2111,0.20685,0.164625,0,0
8/18/2022 15:00,0.24015,0.118525,0.17195,0.2101,0.20605,0.1643125,0,0.0000001063888889
8/18/2022 16:00,0.238475,0.119275,0.171475,0.209625,0.204975,0.16445,0,0.00000002777777778
8/18/2022 17:00,0.23705,0.119525,0.1704,0.209625,0.203725,0.164575,0,0.0000000139
8/18/2022 18:00,0.236175,0.11965,0.16865,0.20975,0.2024125,0.1647,0,0
8/18/2022 19:00,0.2358,0.119525,0.16755,0.20975,0.201675,0.1646375,0,0
8/18/2022 20:00,0.2363,0.119775,0.16615,0.2095,0.201225,0.1646375,0,0.0000002361111111
8/18/2022 21:00,0.2356,0.11965,0.166675,0.21245,0.2011375,0.16605,0.0001111111111,0.0000004397222222
8/18/2022 22:00,0.2347,0.11965,0.16765,0.21775,0.201175,0.1687,0,0.000001625
8/18/2022 23:00,0.23455,0.119525,0.16695,0.21585,0.20075,0.1676875,0,0.000002689722222
8/19/2022 0:00,0.2348,0.119275,0.1665,0.21345,0.20065,0.1663625,0,0.000001027777778
8/19/2022 1:00,0.2348,0.119025,0.1667,0.2117,0.20075,0.1653625,0,0.0000001480555556
8/19/2022 2:00,0.2351,0.11865,0.166325,0.210775,0.2007125,0.1647125,0,0
8/19/2022 3:00,0.2353,0.118775,0.1668,0.2103,0.20105,0.1645375,0,0.00002558333333
8/19/2022 4:00,0.2354,0.118525,0.1667,0.2102,0.20105,0.1643625,0,0
8/19/2022 5:00,0.2353,0.118275,0.167,0.21,0.20115,0.1641375,0,0
8/19/2022 6:00,0.2351,0.1184,0.1671,0.2101,0.2011,0.16425,0,0
8/19/2022 7:00,0.2351,0.11815,0.16735,0.210425,0.201225,0.1642875,0,0
8/19/2022 8:00,0.2349,0.11865,0.16765,0.210725,0.201275,0.1646875,0,0
8/19/2022 9:00,0.23425,0.118275,0.16725,0.2103,0.20075,0.1642875,0,0
8/19/2022 10:00,0.2328,0.118275,0.1665,0.2101,0.19965,0.1641875,0,0
8/19/2022 11:00,0.231175,0.1184,0.1656,0.20935,0.1983875,0.163875,0,0
8/19/2022 12:00,0.22875,0.1179,0.1668,0.2098,0.197775,0.16385,0.0001111111111,0
8/19/2022 13:00,0.227025,0.11815,0.16945,0.21095,0.1982375,0.16455,0,0
8/19/2022 14:00,0.227275,0.118525,0.1699,0.214025,0.1985875,0.166275,0.0002222222222,0
8/19/2022 15:00,0.229075,0.11865,0.16965,0.215325,0.1993625,0.1669875,0.0001111111111,0.0000000139
8/19/2022 16:00,0.240925,0.1184,0.170875,0.2127,0.2059,0.16555,0.0006111111111,0.00000005555555556
8/19/2022 17:00,0.2668,0.118025,0.17075,0.21195,0.218775,0.1649875,0.0001666666667,0
8/19/2022 18:00,0.277625,0.118025,0.17045,0.212175,0.2240375,0.1651,0.00005555555556,0.000008245277778
8/19/2022 19:00,0.281175,0.117775,0.1702,0.2126,0.2256875,0.1651875,0,0.0005655463889
8/19/2022 20:00,0.283025,0.118025,0.1705,0.21275,0.2267625,0.1653875,0,0.0001967638889
8/19/2022 21:00,0.28405,0.118025,0.17045,0.2118,0.22725,0.1649125,0.00005555555556,0.0006172036111
8/19/2022 22:00,0.28455,0.11765,0.1703,0.211825,0.227425,0.1647375,0,0.0004750833333
8/19/2022 23:00,0.284475,0.117525,0.17075,0.2124,0.2276125,0.1649625,0.00005555555556,0.0001148980556
8/20/2022 0:00,0.2844,0.11765,0.171025,0.2126,0.2277125,0.165125,0,0.000008379722222
8/20/2022 1:00,0.2843,0.117775,0.17115,0.2131,0.227725,0.1654375,0,0.00004350472222
8/20/2022 2:00,0.2842,0.117775,0.17185,0.213325,0.228025,0.16555,0,0.000004055555556
8/20/2022 3:00,0.284,0.118025,0.17165,0.21365,0.227825,0.1658375,0,0.00002211111111
8/20/2022 4:00,0.28385,0.117775,0.17185,0.2139,0.22785,0.1658375,0,0.0000004027777778
8/20/2022 5:00,0.2837,0.11765,0.17185,0.214425,0.227775,0.1660375,0,0
8/20/2022 6:00,0.28355,0.11765,0.1722,0.21505,0.227875,0.16635,0,0
8/20/2022 7:00,0.2832,0.117525,0.1725,0.215375,0.22785,0.16645,0,0
8/20/2022 8:00,0.2823,0.11815,0.1724,0.21625,0.22735,0.1672,0,0.0000005647222222
8/20/2022 9:00,0.2799,0.11815,0.1724,0.2174,0.22615,0.167775,0,0
8/20/2022 10:00,0.2782,0.11815,0.1718,0.21715,0.225,0.16765,0,0
8/20/2022 11:00,0.27715,0.118275,0.171275,0.21415,0.2242125,0.1662125,0,0
8/20/2022 12:00,0.2768,0.1184,0.1709,0.210975,0.22385,0.1646875,0,0
8/20/2022 13:00,0.2762,0.118525,0.17035,0.2094,0.223275,0.1639625,0,0
8/20/2022 14:00,0.275025,0.1184,0.1709,0.20875,0.2229625,0.163575,0,0
8/20/2022 15:00,0.27375,0.118525,0.1716,0.207675,0.222675,0.1631,0,0
8/20/2022 16:00,0.272325,0.11865,0.17195,0.206625,0.2221375,0.1626375,0,0.00001010194444
8/20/2022 17:00,0.271375,0.1189,0.173,0.2067,0.2221875,0.1628,0,0
8/20/2022 18:00,0.2715,0.1189,0.1729,0.2064,0.2222,0.16265,0,0.00000025
8/20/2022 19:00,0.2717,0.1189,0.17185,0.205975,0.221775,0.1624375,0,0.000001041666667
8/20/2022 20:00,0.272125,0.11915,0.1715,0.20605,0.2218125,0.1626,0,0.000002046388889
8/20/2022 21:00,0.2722,0.1189,0.17125,0.206175,0.221725,0.1625375,0,0.0000001158333333
8/20/2022 22:00,0.2746,0.119025,0.17245,0.211925,0.223525,0.165475,0.0002222222222,0.0000008241666667
8/20/2022 23:00,0.281425,0.118775,0.1727,0.21195,0.2270625,0.1653625,0.0001666666667,0.0000002313888889
8/21/2022 0:00,0.2859,0.1184,0.1721,0.210425,0.229,0.1644125,0.0002222222222,0.000006347222222
8/21/2022 1:00,0.28925,0.118525,0.17225,0.20955,0.23075,0.1640375,0,0.0000002408333333
8/21/2022 2:00,0.2901,0.118025,0.17255,0.2095,0.231325,0.1637625,0,0
8/21/2022 3:00,0.2901,0.118525,0.1725,0.209625,0.2313,0.164075,0,0.0001169813889
8/21/2022 4:00,0.2901,0.118775,0.1728,0.20975,0.23145,0.1642625,0,0.0003794444444
8/21/2022 5:00,0.289875,0.1184,0.1729,0.21,0.2313875,0.1642,0,0.0002781805556
8/21/2022 6:00,0.2898,0.118525,0.1731,0.210325,0.23145,0.164425,0.00005555555556,0.00006136111111
8/21/2022 7:00,0.2898,0.11815,0.17365,0.2109,0.231725,0.164525,0,0.000001453611111
8/21/2022 8:00,0.2898,0.11865,0.17365,0.21125,0.231725,0.16495,0,0
8/21/2022 9:00,0.288625,0.11865,0.1736,0.213125,0.2311125,0.1658875,0,0
8/21/2022 10:00,0.285025,0.1189,0.17305,0.21235,0.2290375,0.165625,0,0.000003838055556
8/21/2022 11:00,0.2832,0.11915,0.17325,0.20755,0.228225,0.16335,0,0.000009911944444
8/21/2022 12:00,0.2816,0.119025,0.1741,0.206775,0.22785,0.1629,0,0
8/21/2022 13:00,0.280225,0.119275,0.17515,0.20575,0.2276875,0.1625125,0,0
8/21/2022 14:00,0.2793,0.119525,0.1753,0.205175,0.2273,0.16235,0,0
8/21/2022 15:00,0.2783,0.119775,0.17565,0.2053,0.226975,0.1625375,0,0.000000125
8/21/2022 16:00,0.2772,0.119775,0.17565,0.205175,0.226425,0.162475,0,0.0000001991666667
8/21/2022 17:00,0.276025,0.11965,0.1754,0.2054,0.2257125,0.162525,0,0.0000001297222222
8/21/2022 18:00,0.275275,0.120025,0.1746,0.205075,0.2249375,0.16255,0,0.00000009722222222
8/21/2022 19:00,0.2749,0.119775,0.1743,0.2052,0.2246,0.1624875,0,0.0000002916666667
8/21/2022 20:00,0.2751,0.119775,0.17385,0.2053,0.224475,0.1625375,0,0.0000049075
8/21/2022 21:00,0.2752,0.11965,0.17335,0.2053,0.224275,0.162475,0,0
8/21/2022 22:00,0.2749,0.1194,0.173,0.2053,0.22395,0.16235,0,0
8/21/2022 23:00,0.274675,0.11915,0.17335,0.2054,0.2240125,0.162275,0,0
8/22/2022 0:00,0.27425,0.119275,0.17365,0.205075,0.22395,0.162175,0,0
8/22/2022 1:00,0.273825,0.11915,0.17385,0.205075,0.2238375,0.1621125,0,0
8/22/2022 2:00,0.273575,0.11915,0.174,0.205075,0.2237875,0.1621125,0,0
8/22/2022 3:00,0.2732,0.118775,0.17475,0.2052,0.223975,0.1619875,0,0
8/22/2022 4:00,0.2729,0.1194,0.1756,0.2054,0.22425,0.1624,0,0
8/22/2022 5:00,0.272675,0.119025,0.1762,0.2055,0.2244375,0.1622625,0,0
8/22/2022 6:00,0.2724,0.119025,0.176125,0.20585,0.2242625,0.1624375,0,0
8/22/2022 7:00,0.272125,0.11915,0.1765,0.206175,0.2243125,0.1626625,0,0
8/22/2022 8:00,0.271975,0.119025,0.176275,0.20685,0.224125,0.1629375,0,0
8/22/2022 9:00,0.271425,0.119275,0.176425,0.207075,0.223925,0.163175,0,0
8/22/2022 10:00,0.2703,0.1194,0.17605,0.20715,0.223175,0.163275,0,0
8/22/2022 11:00,0.2689,0.119275,0.17565,0.2067,0.222275,0.1629875,0,0
8/22/2022 12:00,0.267675,0.11965,0.176525,0.206125,0.2221,0.1628875,0,0
8/22/2022 13:00,0.266275,0.119525,0.176775,0.204725,0.221525,0.162125,0,0
8/22/2022 14:00,0.2645,0.1199,0.1789,0.20385,0.2217,0.161875,0,0
8/22/2022 15:00,0.263075,0.1199,0.17985,0.20305,0.2214625,0.161475,0,0.0000000925
8/22/2022 16:00,0.261725,0.120775,0.18105,0.207425,0.2213875,0.1641,0,0
8/22/2022 17:00,0.2612,0.121025,0.18085,0.20845,0.221025,0.1647375,0.00005555555556,0
8/22/2022 18:00,0.261375,0.1219,0.1793,0.20815,0.2203375,0.165025,0,0.000007486111111
8/22/2022 19:00,0.2618,0.12165,0.17825,0.206775,0.220025,0.1642125,0,0
8/22/2022 20:00,0.2618,0.12165,0.17705,0.206475,0.219425,0.1640625,0,0
8/22/2022 21:00,0.261875,0.121275,0.1767,0.20605,0.2192875,0.1636625,0,0.00004989361111
8/22/2022 22:00,0.261575,0.1209,0.176525,0.205925,0.21905,0.1634125,0,0.00009194444444
8/22/2022 23:00,0.2614,0.12065,0.17675,0.205725,0.219075,0.1631875,0,0.00001219916667
8/23/2022 0:00,0.2611,0.1204,0.177,0.205925,0.21905,0.1631625,0,0
8/23/2022 1:00,0.2608,0.12015,0.17735,0.206175,0.219075,0.1631625,0,0.000001629722222
8/23/2022 2:00,0.260475,0.1204,0.1782,0.206325,0.2193375,0.1633625,0,0
8/23/2022 3:00,0.2602,0.12015,0.1786,0.206175,0.2194,0.1631625,0,0
8/23/2022 4:00,0.2601,0.1199,0.17885,0.207,0.219475,0.16345,0,0
8/23/2022 5:00,0.26,0.1199,0.17985,0.20735,0.219925,0.163625,0,0
8/23/2022 6:00,0.2598,0.1199,0.18,0.207925,0.2199,0.1639125,0,0
8/23/2022 7:00,0.2598,0.1199,0.18065,0.2084,0.220225,0.16415,0,0
8/23/2022 8:00,0.26,0.120275,0.181,0.207475,0.2205,0.163875,0,0
8/23/2022 9:00,0.2594,0.120025,0.18015,0.207,0.219775,0.1635125,0,0
8/23/2022 10:00,0.25855,0.120025,0.1794,0.2067,0.218975,0.1633625,0,0
8/23/2022 11:00,0.2574,0.12015,0.17875,0.206325,0.218075,0.1632375,0,0
8/23/2022 12:00,0.25655,0.1194,0.1779,0.2061,0.217225,0.16275,0,0